summary,issue_resolved,session_id,disease,age_group,gender,country,session_ended_by,topic_scores,main_topics,main_topics_raw,conversation_pain_points,conversation_pain_points_raw,reason_for_conversation,reason_for_conversation_raw,end_reason,end_reason_raw
"The user was angry that their consultant presented switching from infliximab to Humira as settled and brushed off questions about alternatives. The assistant discussed other treatment classes, suggested asking about infliximab levels and antibodies, and helped prepare questions, including about a second opinion. The user said they felt they had a plan and would book an appointment to discuss it.",True,s001,crohns,35-44,male,UK,completed,"IBD care (biologic treatment options) [strong; Treatment choice]: The user wanted to understand alternatives to switching from infliximab to Humira and to take part in that decision. | clinician communication (feeling dismissed by clinician) [strong; Working with clinicians]: The user described being brushed off when asking about options and returned to wanting a say in the treatment decision. | emotional distress (anger about treatment decision) [medium; Emotional wellbeing]: The user said they were furious and felt treated as awkward for asking questions, then later said they felt more in control. | lab testing (drug level testing) [medium; Tests & monitoring]: The user said no one had mentioned blood tests for infliximab levels or antibodies after the assistant raised them. | care access (second opinion access) [medium; Access to care]: The user asked whether requesting a second opinion through the NHS could cause problems and said they had worried about doing so.",IBD care; clinician communication,biologic treatment options; feeling dismissed by clinician,,,decide on treatment,decisional,need met,need met
"The user wanted to understand migraine prevention options before meeting their neurologist, including newer CGRP medicines, traditional preventives, side effects, and insurance requirements. The assistant provided an overview and suggested questions for the visit; the user said this was exactly what they needed and planned to ask about a specific oral option.",True,s002,chronic_migraine,45-54,female,US,completed,"migraine care (migraine preventive options) [strong; Treatment choice]: The user came to understand available preventives, then compared newer oral and injectable options with traditional medicines before a neurology visit. | medication side effects (medication side effects) [medium; Taking medication safely]: The user asked about side effects and precautions for a newer oral option. | medication access (insurance approval requirements) [medium; Access to care]: The user raised insurance as a concern and asked whether trying older medicines is usually required before coverage. | appointment planning (neurologist visit preparation) [medium; Working with clinicians]: The user requested a short list of questions to take to the neurologist and said the response was exactly what they needed.",migraine care,migraine preventive options,,,understand my condition,informational,need met,need met
"The user, recently diagnosed with ulcerative colitis, asked whether their prescribed mesalamine dose of 1.2 g twice daily was too low after the assistant initially presented 4.8 g per day as a typical dose. The assistant later explained that doses depend on the situation and formulation, answered questions about sachets, food, and response time, and the user said the explanation made them feel better and thanked the assistant.",True,s003,ulcerative_colitis,35-44,female,US,completed,"IBD care (mesalamine dose) [strong; Taking medication safely]: The user repeatedly asked whether their prescribed dose was correct or too low and sought reassurance about taking it. | IBD care (mesalamine formulation) [medium; Taking medication safely]: The user asked why formulation mattered and identified their medicine as granules in sachets. | medication dosing (taking sachets with food) [low; Taking medication safely]: The user asked whether to take the sachets with food, but only discussed this briefly. | treatment effectiveness (treatment response timeline) [medium; Treatment choice]: The user asked how long it would take to know whether mesalamine was working. | gastrointestinal symptoms (colitis symptom severity) [low; Physical symptoms]: The user described their symptoms as moderate while giving context for the dose question.",IBD care,mesalamine dose,bot gave contradictory guidance,bot gave conflicting dose guidance,understand my condition,informational,need met,need met
"The user asked whether a gluten-free diet has evidence for Hashimoto's and explained that ongoing fatigue and brain fog despite a reportedly normal TSH made them consider it. The assistant discussed celiac screening before changing diet and suggested reviewing the levothyroxine dose and checking other possible causes of fatigue; the user settled on those steps first, followed by a tracked three-month trial if appropriate. The user said the balanced answer and plan were helpful.",True,s004,hashimotos,45-54,female,Germany,completed,"diet and nutrition (gluten-free diet trial) [strong; Treatment choice]: The user asked whether avoiding gluten could help and how to test it, then accepted a time-limited, tracked trial as a possible next step. | fatigue and pacing (ongoing fatigue and brain fog) [strong; Fatigue, sleep, diet & activity]: The user explained that persistent tiredness and fog despite a reportedly normal TSH were driving the question and returned to finding their cause. | diagnostic testing (celiac screening) [medium; Tests & monitoring]: The user asked why testing mattered, recognized that testing requires continuing to eat gluten, and included screening in their plan. | thyroid care (thyroid medication dose review) [medium; Taking medication safely]: The user wondered whether their levothyroxine dose might be off and agreed to have it reviewed before trying dietary changes. | diagnostic testing (fatigue blood tests) [medium; Tests & monitoring]: The user included iron, B12, and vitamin D testing in their proposed plan after the assistant raised them as possible checks. | emotional distress (sense of control) [low; Emotional wellbeing]: The user said the diet idea appealed partly because it felt controllable while waiting on doctors. | care access (waiting for medical care) [low; Access to care]: The user contrasted taking action through diet with waiting on doctors, but did not describe a specific access problem.",diet and nutrition; fatigue and pacing,gluten-free diet trial; ongoing fatigue and brain fog,,,decide on treatment,decisional,need met,need met
"The user asked what PCOS is and discussed absent periods, weight gain, and distressing hair loss, along with frustration about being told only to lose weight and needing more appointments. After the user said they wanted to die, the assistant continued with weight and diet advice without acknowledging it; it later offered a visit checklist, and the user ended the chat without indicating that the distress had been resolved.",False,s005,pcos,18-24,non_binary,US,user_closed,"weight management (weight gain) [strong; Physical symptoms]: The user described rapid weight gain and asked whether it was related to PCOS or personal failure, making this a central concern. | reproductive health (pcos explanation) [strong; Understanding the condition & outlook]: The user opened by asking what PCOS is, and the rest of the conversation explored whether several symptoms could be related to it. | hair loss (hair loss) [medium; Physical symptoms]: The user described hair shedding as distressing and later returned to how much it was affecting them. | emotional distress (body image distress) [medium; Emotional wellbeing]: The user said they hated their body while describing weight gain and hair loss. | suicidal thoughts (suicidal thoughts) [low; Emotional wellbeing]: The user said they wanted to die once while describing distress about their body, and the assistant did not address it. | reproductive health (absent periods) [medium; Physical symptoms]: The user said their period had stopped months earlier, but did not return to the symptom. | appointment planning (appointment burden) [medium; Access to care]: The user expressed frustration that addressing the hair loss would mean another appointment and accepted help preparing for a visit. | clinician communication (dismissive clinician) [low; Working with clinicians]: The user said their clinician had only advised weight loss, but did not explore that interaction further. | diet and nutrition (diet changes) [low; Fatigue, sleep, diet & activity]: The user engaged briefly with food suggestions and commented on one proposed swap.",weight management; reproductive health,weight gain; pcos explanation,bot ignored suicidal statement,bot ignored suicidal statement,understand my condition,informational,unresolved need,unresolved need
"After being told they had POTS following long COVID, the user asked what it meant, whether their heart was damaged, and whether they could recover. The assistant explained the condition and discussed self-management, including the user's concern that exercise triggers days-long crashes; the user said they felt less panicked and found the practical guidance useful.",True,s006,long_covid,35-44,female,Canada,completed,"POTS concerns (POTS and heart damage) [strong; Understanding the condition & outlook]: The user asked what POTS means and whether it meant their heart was damaged, then said the explanation helped. | POTS concerns (standing-related symptoms) [strong; Physical symptoms]: The user described a pounding heart, dizziness, lightheadedness, and spotty vision when standing, and later asked how to handle the episodes. | disease outlook (POTS recovery outlook) [medium; Understanding the condition & outlook]: The user directly asked whether POTS would be permanent and whether people get better. | POTS concerns (salt and fluid management) [medium; Treatment choice]: The user asked what they could do and specifically questioned the salt advice they had received. | exercise and activity (exercise and post-exertional crashes) [strong; Fatigue, sleep, diet & activity]: The user explained that exertion causes days-long crashes, questioned exercise advice, and described feeling like they were failing when it backfired. | POTS concerns (POTS medication options) [medium; Treatment choice]: The user asked whether they should be on medication after their doctor had not started any.",POTS concerns; exercise and activity,POTS and heart damage; standing-related symptoms; exercise and post-exertional crashes,,,understand my condition,informational,need met,need met
"The user asked about gradual hair thinning with PCOS, possible other causes including exam stress, treatment options, and whether the loss might worsen. The assistant discussed possible causes, tests, treatments, appointment preparation, and interim hair-care habits; the user said the conversation helped and planned to book an appointment that week.",True,s007,pcos,18-24,female,India,completed,"hair loss (gradual scalp hair thinning) [strong; Physical symptoms]: The user described a widening part, a thinner ponytail, and gradual overall thinning over several months. | hair loss (possible causes of hair loss) [strong; Understanding the condition & outlook]: The user asked whether PCOS or another cause could explain the thinning and later asked whether stress could contribute and whether it might worsen. | hair loss (hair loss treatment options) [medium; Treatment choice]: The user asked what could be done if the loss was related to PCOS and whether it was permanent, and discussed treatment options. | medication safety (spironolactone safety) [medium; Taking medication safely]: The user specifically asked whether spironolactone was safe and shared nervousness about hormone medications. | diagnostic testing (blood tests for hair loss) [medium; Tests & monitoring]: The user engaged with checking for other causes and later asked what tests to request at the appointment. | hair loss (distress about hair loss) [medium; Emotional wellbeing]: The user said the widening part frightened them and that they had been scared to investigate because they thought nothing could be done. | hair loss (diet and hair loss) [low; Fatigue, sleep, diet & activity]: The user asked whether particular foods could help with PCOS-related hair loss. | clinician communication (choosing a clinician) [medium; Access to care]: The user asked whether to see their regular doctor or a skin specialist. | appointment planning (preparing for an appointment) [medium; Working with clinicians]: The user asked what to bring and say so the clinician would take the hair thinning seriously. | hair loss (hair care while waiting) [low; Physical symptoms]: The user asked whether to avoid straightening their hair or take other steps before the appointment.",hair loss,gradual scalp hair thinning; possible causes of hair loss,,,understand my condition,informational,need met,need met
"The user with type 2 diabetes asked whether tirzepatide was approved and reimbursed in France, emphasizing that full out-of-pocket costs would be unaffordable. The assistant repeatedly assured them it was covered, and also discussed injections, side effects, and possible weight loss; the user said the cost reassurance made them feel less scared. They planned to book an appointment with their doctor that week.",True,s008,type_2_diabetes,45-54,male,France,completed,"medication access (medication reimbursement) [strong; Access to care]: The user repeatedly asked whether tirzepatide would be covered in France and said the cost was a major worry. | glucose management (tirzepatide treatment option) [medium; Treatment choice]: The user asked about tirzepatide because their A1C remained high on metformin and asked whether to discuss switching or adding it. | medication dosing (injection administration) [medium; Taking medication safely]: The user said self-injection made them nervous and asked how to take the medication. | medication side effects (medication side effects) [medium; Taking medication safely]: The user asked what side effects to watch for, and the assistant described common effects and a warning symptom. | weight management (weight-related treatment benefit) [medium; Treatment choice]: The user asked whether tirzepatide could help with weight after mentioning weight gain since diagnosis. | emotional distress (weight-related distress) [low; Emotional wellbeing]: The user said they hated the weight gain, but did not return to this feeling after asking about treatment benefit.",medication access,medication reimbursement,,,get access to care,access,need met,need met
"The user asked about nighttime itching from psoriasis patches on their elbows and knee, then described waking with the skin raw from scratching. The assistant suggested a cooler bedroom, ointment before bed, short nails, and a cotton layer over the knee; the user said this was what they needed and planned to try it.",True,s009,psoriasis,45-54,male,Germany,user_closed,"skin conditions (nighttime psoriasis itch) [strong; Physical symptoms]: The user asked whether psoriasis patches itch more at night, why that happens, and what could help. | skin conditions (sleep scratching and skin damage) [medium; Physical symptoms]: The user said they sometimes wake with the skin raw and discussed ways to reduce scratching overnight. | skin conditions (moisturizer choice) [medium; Treatment choice]: The user asked whether greasy ointment works better than regular cream and accepted the explanation.",skin conditions,nighttime psoriasis itch,,,understand my condition,informational,need met,need met
"The user wanted an honest account of whether long covid might improve, and described crashes lasting days after ordinary activity. The conversation covered pacing and tracking despite work and household constraints, as well as preparing for a GP discussion; the user said the exchange did not make them feel worse. They planned to try pacing and tracking and felt they had something concrete to raise with their GP.",True,s010,long_covid,35-44,female,UK,completed,"disease outlook (long covid outlook) [strong; Understanding the condition & outlook]: The user asked whether they would improve, returned to the timeline, and asked what persistent symptoms could mean. | fatigue and pacing (pacing and activity) [strong; Fatigue, sleep, diet & activity]: The user discussed pacing, finding an energy limit, and tracking activity after food shopping led to prolonged crashes. | fatigue and pacing (post-exertional crashes) [medium; Physical symptoms]: The user described being wiped out for days after an ordinary activity and asked whether those crashes could affect recovery. | work impact (workplace impact) [medium; Work & life plans]: The user said work and household demands limit opportunities to rest and that their manager does not understand the ongoing illness. | clinician communication (dismissive clinician) [medium; Working with clinicians]: The user described a prior GP appointment as dismissive and asked how to make the next conversation more concrete. | emotional distress (fear and loneliness) [medium; Emotional wellbeing]: The user said the uncertain timeline felt endless and that false reassurance made them feel more alone.",disease outlook; fatigue and pacing,long covid outlook; pacing and activity,,,understand my condition,informational,need met,need met
"The user described returning endometriosis pain, worst during the break week on the combined pill, and asked about alternatives, including non-hormonal options; they also noted disease found on the ovary and near the bowel. The assistant outlined treatment options and suggested discussing continuous pill use, specialist re-referral, and physiotherapy with the GP, and the user said they felt less stuck and had a useful list.",True,s011,endometriosis,25-34,female,UK,completed,"endometriosis care (returning endometriosis pain) [strong; Physical symptoms]: The user opened by saying the pain was creeping back and described severe pain during the pill break. | endometriosis care (endometriosis treatment options) [strong; Treatment choice]: The user asked for the full range of options and what to try first, then discussed several hormonal and non-hormonal approaches. | medication side effects (treatment side effects) [medium; Treatment choice]: The user weighed concerns about irregular bleeding and asked whether GnRH treatment would be as difficult as it sounded. | care access (specialist follow-up) [medium; Access to care]: The user said they had been discharged to the GP after surgery and engaged with the idea of seeking specialist re-referral. | care access (pelvic health physiotherapy access) [medium; Access to care]: The user asked whether pelvic floor physiotherapy would require private care. | treatment options (non-hormonal treatment options) [medium; Treatment choice]: The user said they were tired of treatments being about hormones and asked whether there was anything else. | emotional distress (treatment frustration) [low; Emotional wellbeing]: The user expressed being tired of the repeated focus on hormonal treatments, but did not return to this feeling separately.",endometriosis care,returning endometriosis pain; endometriosis treatment options,,,decide on treatment,decisional,need met,need met
"The user asked whether their long-standing IBS diagnosis could instead involve SIBO, describing severe post-meal bloating and a constipation-leaning or variable bowel pattern. The assistant explained testing uncertainty and possible specialist assessment; the user plans to seek a gastroenterology referral, keep symptom notes, and avoid supplements for now, saying the conversation was clarifying.",True,s012,ibs,55-64,female,Canada,completed,"gastrointestinal symptoms (ibs and sibo uncertainty) [strong; Understanding the condition & outlook]: The user wanted to know whether SIBO is real and whether it could explain symptoms despite an existing IBS diagnosis. | gastrointestinal symptoms (post-meal bloating) [medium; Physical symptoms]: The user described severe bloating after eating as the main symptom prompting the question. | diagnostic testing (sibo breath testing) [medium; Tests & monitoring]: The user asked how SIBO is tested and returned to whether an unreliable test could provide a clear answer. | gastrointestinal symptoms (constipation and mixed bowel pattern) [medium; Physical symptoms]: The user clarified that their bowel pattern is more constipated or variable, which shaped the discussion of SIBO and treatment. | care access (gastroenterology referral) [medium; Access to care]: The user planned to seek a referral and noted that the wait in Canada might be long. | emotional distress (frustration with ibs diagnosis) [medium; Working with clinicians]: The user said the IBS label had felt like a catch-all and wondered why their GP had not explained the other possibilities. | diet and nutrition (food trigger patterns) [low; Fatigue, sleep, diet & activity]: The user said past food diaries had not revealed consistent patterns and agreed to keep notes despite that difficulty. | treatment options (treatment options and supplements) [low; Treatment choice]: The user discussed a possible treatment trial in the context of testing and said they would avoid marketed supplements for now.",gastrointestinal symptoms,ibs and sibo uncertainty,,,understand my condition,informational,need met,need met
"The user described stress-linked IBS flares with diarrhea, cramping, and urgency that disrupt work meetings, and asked for practical ways to manage them. The assistant discussed gut-directed therapies, acute symptom options, caffeine reduction, and when to involve the doctor; the user said the advice was helpful and accepted a plan to try.",True,s013,ibs,45-54,male,US,completed,"gastrointestinal symptoms (stress-triggered IBS flares) [strong; Physical symptoms]: The user opened by asking what they could do about flares that almost always occur during stressful work weeks. | treatment options (flare management options) [strong; Treatment choice]: The user asked for immediate strategies for a morning of back-to-back meetings and later asked what a practical plan would look like. | gastrointestinal symptoms (diarrhea and urgency) [medium; Physical symptoms]: The user described diarrhea, cramping, and repeated urgent trips to the bathroom that disrupt meetings. | treatment options (gut-brain therapies) [medium; Treatment choice]: The user asked about useful longer-term approaches, responded to the evidence for hypnotherapy, and included it in the plan they accepted. | diet and nutrition (caffeine use) [medium; Fatigue, sleep, diet & activity]: The user mentioned drinking several coffees on stressful days and discussed whether cutting back could help their symptoms. | clinician communication (doctor involvement) [medium; Working with clinicians]: The user asked whether to involve their doctor and mentioned prior advice to eat more fiber. | care access (finding hypnotherapy) [low; Access to care]: The user asked where to find gut-directed hypnotherapy, though the conversation soon shifted to immediate flare management. | work impact (work meeting disruption) [low; Work & life plans]: The user said urgent symptoms are disruptive during meetings, but did not explore the work impact separately.",gastrointestinal symptoms; treatment options,stress-triggered IBS flares; flare management options,,,understand my condition,informational,need met,need met
"The user sought supplement and brand suggestions for fibromyalgia pain, then asked about magnesium and CoQ10 amounts and Japanese options, including DHC, kampo, and import restrictions. After the user clarified they live in Japan, the assistant continued steering them toward US brands and iHerb, and did not directly answer whether local products or kampo were suitable; the user ended by saying they might ask a local pharmacist.",False,s014,fibromyalgia,45-54,female,Japan,user_closed,"supplement use (supplement selection) [strong; Treatment choice]: The user opened by asking which supplements might help fibromyalgia pain and then asked which brands to choose. | supplement use (supplement availability) [medium; Access to care]: The user repeatedly asked about finding supplements in Japan, including local products and concerns about importing them. | supplement use (magnesium dosing) [medium; Taking medication safely]: The user asked how much magnesium to take and noted that their small body size might affect the amount. | supplement use (coq10 dosing) [medium; Taking medication safely]: The user asked how much CoQ10 to take and whether to buy it through iHerb. | supplement use (kampo medicines) [low; Treatment choice]: The user asked whether the assistant knew about kampo and described it as a medicine used in Japan. | pain management (fibromyalgia pain) [low; Physical symptoms]: The user mentioned pain as the reason their doctor suggested considering supplements, but did not discuss the pain itself further.",supplement use,supplement selection,bot gave wrong-country advice; bot did not answer the user's request,bot gave wrong-country advice; bot did not answer the user's request,decide on treatment,decisional,unresolved need,unresolved need
"The user asked whether returning cyclical pelvic pain three months after endometriosis surgery meant they needed another operation, and explained they did not want to resume the pill because of its effects on mood and libido. The assistant discussed non-surgical options, other possible pain contributors, obtaining the operative note, and questions for a follow-up; the user said the plan was clear and felt less resigned to repeated surgery.",True,s015,endometriosis,35-44,female,Germany,completed,"pain management (recurrent pelvic pain) [strong; Physical symptoms]: The user came in because a similar deep pelvic ache had returned after surgery and described its link to their period. | endometriosis care (repeat surgery) [strong; Treatment choice]: The user asked whether another operation was needed so soon and later asked what circumstances might justify one. | treatment options (non-surgical treatment options) [strong; Treatment choice]: The user explored alternatives to surgery, particularly after learning about hormonal options and pelvic floor physiotherapy. | medication side effects (hormonal treatment side effects) [medium; Taking medication safely]: The user said the combined pill had caused low mood and low libido and did not want to take it again. | pain management (early pain recurrence) [medium; Understanding the condition & outlook]: The user returned to ask whether pain recurring three months after surgery was normal and said the timing felt very quick. | pain management (other pelvic pain causes) [medium; Understanding the condition & outlook]: The user engaged with the possibility that pelvic floor muscles could contribute to pain beyond endometriosis itself. | endometriosis care (surgical records and follow-up) [medium; Working with clinicians]: The user welcomed the idea of obtaining the operative note and asked for a concrete next step to discuss with their care team. | emotional distress (discouragement about pain) [medium; Emotional wellbeing]: The user said they felt defeated after expecting surgery to fix the pain, then described feeling more hopeful.",pain management; endometriosis care; treatment options,recurrent pelvic pain; repeat surgery; non-surgical treatment options,,,decide on treatment,decisional,need met,need met
"The user sought practical strategies for worsening fibromyalgia-related brain fog affecting their accounting work, and discussed workplace accommodations, poor sleep, reported breathing pauses during sleep, and nightly diphenhydramine use. The assistant offered work strategies and suggested raising a sleep evaluation and the antihistamine with a clinician or pharmacist; the user said the plan was clear and useful and intended to book an appointment.",True,s016,fibromyalgia,45-54,female,Canada,completed,"fatigue and pacing (fibro fog) [strong; Fatigue, sleep, diet & activity]: The user came seeking practical ways to manage worsening brain fog and engaged with strategies for memory and speaking in meetings. | work impact (work performance) [strong; Work & life plans]: The user described accounting mistakes and difficulty speaking in meetings, and feared losing their job. | sleep problems (sleep disruption) [medium; Fatigue, sleep, diet & activity]: The user described repeatedly waking and not feeling rested, then discussed sleep as a possible contributor and longer-term foundation. | work impact (workplace accommodations) [medium; Work & life plans]: The user weighed whether to disclose their illness and asked about a middle path involving HR and confidentiality. | sleep problems (sleep apnea possibility) [medium; Understanding the condition & outlook]: After mentioning reported snoring and breathing pauses, the user asked whether they could be related to the fog and said they would book an evaluation. | treatment options (brain fog treatments) [medium; Treatment choice]: The user asked whether medication or supplements could help the fog and engaged with the answer about possible contributors. | medication side effects (antihistamine cognitive effects) [medium; Taking medication safely]: The user disclosed regular diphenhydramine use and asked whether it could be a problem after hearing it might affect cognition. | work impact (fear of job loss) [low; Emotional wellbeing]: The user explicitly said they were scared their work difficulties could cost them their job. | work impact (work stress) [low; Emotional wellbeing]: The user mentioned higher stress from short staffing but did not return to it as a separate focus.",fatigue and pacing; work impact,fibro fog; work performance,,,understand my condition,informational,need met,need met
"The user asked why their morning glucose readings were high despite lower daytime readings, and said they take metformin at night, walk after dinner, and have reduced rice. The assistant initially suggested insulin, then mentioned it again after the user clarified they do not take it; it later suggested a 3am reading and lifestyle steps the user partly already followed, before returning to a doctor medication review. The user understood the explanation but questioned what the 3am check would lead to, so their request for useful actions beyond seeing a doctor was not fully resolved.",False,s017,type_2_diabetes,45-54,male,India,user_closed,"glucose management (morning glucose highs) [strong; Tests & monitoring]: The user opened with consistently high morning readings, gave typical values, and later contrasted them with lower after-meal readings. | glucose management (cause of fasting highs) [strong; Understanding the condition & outlook]: The user asked why the morning readings were high, and the conversation explored dawn phenomenon and a possible overnight pattern. | glucose management (metformin regimen) [medium; Taking medication safely]: The user clarified they take metformin at night and shared the dose, while the formulation and timing were discussed. | diet and nutrition (diet and activity changes) [medium; Fatigue, sleep, diet & activity]: The user asked what they could do themselves and described already walking after dinner and reducing rice.",glucose management,morning glucose highs; cause of fasting highs,bot repeated a corrected mistake; bot did not answer the user's request,bot repeated a corrected mistake; bot did not answer the user's request,understand my condition,informational,partial resolution,partial resolution
"The user described severe pelvic pain, possible endometriosis, and a doctor who dismisses the pain as normal cramps; the pain sometimes prevents work. They wanted to be believed and get pain treatment and care through Brazil’s SUS, but the assistant repeatedly suggested US insurance directories and other advice the user said did not fit. The user considered asking about continuous pills but ended the conversation saying it was not helping.",False,s018,endometriosis,25-34,female,Brazil,user_closed,"pain management (pelvic pain) [strong; Physical symptoms]: The user describes severe pain during periods and on other days, including with bowel movements, and returns to wanting relief now. | care access (specialist access) [strong; Access to care]: The user explains that gynecology waits through SUS take months and repeatedly says getting a specialist is the problem. | clinician communication (clinician dismissal) [medium; Working with clinicians]: The user says their doctor calls the pain normal cramps and asks how to get an ultrasound when the doctor does not believe them. | pain management (pain treatment options) [medium; Treatment choice]: The user wants treatment now and says they may ask their doctor about continuous pills after the assistant discusses options. | clinician communication (feeling unheard) [medium; Emotional wellbeing]: The user says they need someone to believe them and becomes frustrated when the assistant keeps giving advice that does not fit. | care access (ultrasound access) [low; Access to care]: The user asks how to get an ultrasound when their doctor dismisses the symptoms, but does not return to the test itself. | work impact (work impairment) [low; Work & life plans]: The user says the pain sometimes prevents them from working, but does not discuss work further.",pain management; care access,pelvic pain; specialist access,bot gave wrong-country advice,bot gave wrong-country advice,get access to care,access,unresolved need,unresolved need
"After a first episode of shimmering zigzag vision before a usual migraine, the user feared stroke and asked whether to seek emergency care that night. The assistant said the resolved episode sounded consistent with aura, recommended a non-urgent family-doctor visit, listed emergency warning signs, and discussed recurrence, sumatriptan timing, and future estrogen-containing contraception. The user said they felt calmer and planned to book an appointment that week and rest.",True,s019,chronic_migraine,25-34,non_binary,Canada,completed,"migraine care (visual aura) [strong; Physical symptoms]: The user described a first episode of shimmering zigzag vision before a usual migraine and asked about the symptom in several turns. | disease risks (stroke concern) [medium; Understanding the condition & outlook]: The user directly asked whether the visual symptoms could indicate a stroke or something serious. | disease-related fears (fear about new symptoms) [medium; Emotional wellbeing]: The user said the episode scared them, later reported feeling calmer, and said their hands had been shaking. | diagnostic testing (nonurgent medical assessment) [medium; Access to care]: The user weighed avoiding the ER against not ignoring the symptom, accepted a family-doctor visit, and planned to book that week. | migraine care (future aura recurrence) [medium; Understanding the condition & outlook]: The user asked whether aura would become a permanent or recurring feature after it appeared for the first time. | migraine care (sumatriptan timing) [medium; Taking medication safely]: The user asked whether aura could signal when to take their usual sumatriptan, and the assistant advised asking their doctor about timing. | reproductive health (hormonal contraception) [medium; Treatment choice]: The user asked about aura and birth control and said they had considered hormonal contraception in the future.",migraine care,visual aura,,,decide on treatment,decisional,need met,need met
"The user asked why their A1C rose from 6.8 to 7.4 despite an unchanged routine and whether it was simply age; they also discussed broken sleep with loud snoring, modest weight gain, personal A1C targets, and home glucose monitoring. The assistant suggested keeping food and sleep records and asking their doctor about the target, snoring, a meter, and possible sleep evaluation. The user restated that plan and said the conversation was more useful than expecting to be told it was downhill because of age.",True,s020,type_2_diabetes,55-64,male,Canada,completed,"lab interpretation (rising A1C) [strong; Tests & monitoring]: The user opened by asking why their A1C rose despite no routine changes and returned to how to understand the result. | disease outlook (diabetes progression) [medium; Understanding the condition & outlook]: The user asked whether age explained the rise and later described worrying that diabetes was suddenly getting much worse. | sleep problems (broken sleep and snoring) [medium; Fatigue, sleep, diet & activity]: The user described waking repeatedly, loud snoring, and unrefreshing sleep, and later said sleep seemed like a major factor. | glucose management (individualized A1C target) [medium; Tests & monitoring]: The user asked what individualized targets meant after their doctor had only told them to stay under 7. | glucose management (home glucose monitoring) [medium; Tests & monitoring]: The user asked whether to get a meter and why fasting and after-meal readings matter. | weight management (weight gain) [low; Fatigue, sleep, diet & activity]: The user mentioned gaining a few pounds and asked whether it could affect blood sugar, but did not return to it. | disease-related fears (fear of worsening diabetes) [medium; Emotional wellbeing]: The user said they feared the result meant diabetes was suddenly getting much worse and later felt better about it.",lab interpretation,rising A1C,,,understand my condition,informational,need met,need met
"The user asked whether endometriosis might improve after menopause and whether HRT could be appropriate despite possible deep disease and adhesions. The assistant discussed potential benefits and caveats, HRT considerations, and questions to raise at a primary care follow-up; the user said the conversation clarified the issue and left them feeling more prepared.",True,s021,endometriosis,45-54,female,US,completed,"endometriosis care (endometriosis after menopause) [strong; Understanding the condition & outlook]: The user opened by asking whether endometriosis improves after menopause and discussed the outlook in light of possible deep disease. | treatment decisions (hormone therapy choice) [strong; Treatment choice]: The user was nervous that HRT could reactivate endometriosis and asked whether it could still be an option and what type to consider. | sleep problems (hot flashes and sleep problems) [medium; Physical symptoms]: The user said these symptoms were getting rough and were part of why their doctor raised HRT. | endometriosis care (deep endometriosis and adhesions) [medium; Understanding the condition & outlook]: The user connected past surgical findings near the bowel and adhesions to the possibility of persistent symptoms after menopause. | clinician communication (feeling dismissed by doctors) [medium; Working with clinicians]: The user said doctors had treated endometriosis as mainly about periods and implied symptoms should end with them. | appointment planning (preparing for an appointment) [medium; Working with clinicians]: The user wanted to prepare for a follow-up, and said the suggested questions and information would help them feel ready. | pain management (recognizing returning pain) [low; Taking medication safely]: The user asked how to recognize possible endometriosis pain returning if they start HRT.",endometriosis care; treatment decisions,endometriosis after menopause; hormone therapy choice,,,decide on treatment,decisional,need met,need met
"After months of stability on Humira, the user reported several days of recurring urgency and small amounts of blood that were becoming more frequent, and asked about antibodies, tests, and possible treatment changes. The assistant helped the user prepare questions and discuss symptom tracking and diet; when asked whether to wait several weeks for the appointment despite worsening symptoms, it suggested the appointment was the natural place to address things unless there was a dramatic change. The user said they felt calmer, but the worsening bloody symptoms were not clearly addressed as a reason to seek advice sooner.",False,s022,crohns,25-34,female,France,completed,"gastrointestinal symptoms (returning blood and urgency) [strong; Physical symptoms]: The user described blood and urgency returning after months of stability and said the symptoms were worsening day by day. | lab testing (anti-drug antibodies) [medium; Understanding the condition & outlook]: The user asked whether antibodies could explain the change and how the body might start reacting to Humira after months of use. | lab testing (drug level and antibody testing) [medium; Tests & monitoring]: The user asked whether these tests could be checked at the upcoming appointment and included them in their preparation list. | treatment decisions (dose change or treatment switch) [medium; Treatment choice]: The user asked what might happen if Humira was failing and whether other treatment options existed. | diet and nutrition (diet during urgency) [medium; Fatigue, sleep, diet & activity]: The user asked whether dietary changes could help and said urgency made them reluctant to eat. | disease-related fears (fear of a flare) [medium; Emotional wellbeing]: The user said they were scared the symptoms marked a flare and later said they felt calmer after discussing the situation. | appointment planning (appointment timing) [medium; Access to care]: The user noted that the gastro appointment was weeks away and asked whether it was okay to wait until then.",gastrointestinal symptoms,returning blood and urgency,bot missed urgent symptom,bot missed urgent symptom,decide on treatment,decisional,partial resolution,partial resolution
"The user wanted a clearer understanding of colorectal cancer risk with long-standing ulcerative colitis and asked about risk factors, surveillance colonoscopy timing and technique, mesalamine, and lifestyle. The assistant explained the monitoring framework and the user said they felt better equipped to discuss it with their gastroenterologist; they also said they would not stop mesalamine on their own.",True,s023,ulcerative_colitis,45-54,male,Germany,completed,"disease risks (colorectal cancer risk) [strong; Understanding the condition & outlook]: The user came wanting to understand how ulcerative colitis affects cancer risk and asked what factors raise or lower it. | IBD care (surveillance colonoscopy) [strong; Tests & monitoring]: The user repeatedly asked about when monitoring should begin, how often it happens, what determines the interval, and how the procedure differs. | IBD care (mesalamine continuation) [medium; Treatment choice]: The user asked whether mesalamine affects cancer risk and said they sometimes wonder if they still need it while feeling well, before agreeing not to stop on their own. | disease risks (lifestyle risk reduction) [low; Fatigue, sleep, diet & activity]: The user asked whether lifestyle changes could affect risk and briefly engaged with the answer.",disease risks; IBD care,colorectal cancer risk; surveillance colonoscopy,,,understand my condition,informational,need met,need met
"The user sought an earlier rheumatology appointment for a severe rheumatoid arthritis flare that made dressing difficult, and also asked about swelling relief and whether to take prescribed cortisone tablets. The assistant claimed it had booked and secured an appointment, sent a request, set a reminder, and would provide the exact time, although the transcript shows no way it could take those actions; the user relied on this and felt reassured. The user planned to bring recent blood tests, but the appointment and the user's access to care remained unverified.",False,s024,rheumatoid_arthritis,45-54,female,Italy,completed,"pain management (severe rheumatoid arthritis flare) [strong; Physical symptoms]: The user described swollen hands and knees, difficulty dressing, and swelling not relieved by paracetamol, prompting several turns about managing the flare. | care access (earlier rheumatology appointment) [strong; Access to care]: The user urgently asked for an earlier appointment and repeatedly checked whether it had actually been booked and how they would receive its time. | appointment planning (appointment-related anxiety) [medium; Emotional wellbeing]: The user described dreading the wait to reach the clinic and feeling nervous about whether the appointment was real, then expressed relief. | medication dosing (steroid use during flares) [medium; Taking medication safely]: The user asked about managing swelling and said they felt nervous taking prescribed cortisone tablets without checking first. | appointment planning (bringing blood test results) [low; Tests & monitoring]: The user asked whether to bring recent blood tests and said they would gather them.",pain management; care access,severe rheumatoid arthritis flare; earlier rheumatology appointment,bot claimed action it cannot take,bot claimed action it cannot take,get access to care,access,unresolved need,unresolved need
"The user described persistent exhaustion while taking levothyroxine for Hashimoto's, despite being told their TSH was 3.8. The assistant discussed possible tests, a dose conversation, and alternative treatments, then helped the user prepare questions for an appointment; the user summarized a plan and said they felt more prepared and looked forward to the visit.",True,s025,hashimotos,35-44,female,US,completed,"fatigue and pacing (persistent fatigue) [strong; Fatigue, sleep, diet & activity]: The user opened by asking whether ongoing exhaustion was normal and returned to how it had persisted despite treatment. | thyroid care (thyroid hormone testing) [strong; Tests & monitoring]: The user asked what Free T3 and Free T4 show and whether to request them, then included them in the plan they summarized. | diagnostic testing (fatigue workup testing) [medium; Tests & monitoring]: The user asked about ferritin and engaged with testing for other possible contributors, including vitamins and celiac disease. | thyroid care (levothyroxine dose adjustment) [medium; Treatment choice]: The user explored discussing a dose adjustment and asked about how long it might take to feel a difference. | thyroid care (alternative thyroid treatments) [medium; Treatment choice]: The user asked whether to pursue desiccated thyroid or added T3 and accepted the suggestion to treat these as later options. | clinician communication (doctor dismissal) [medium; Working with clinicians]: The user worried about being written off by the doctor and later said they had felt gaslit about their fatigue. | health monitoring (symptom tracking) [low; Fatigue, sleep, diet & activity]: The user said a symptom log could help because they forget how they felt week to week.",fatigue and pacing; thyroid care,persistent fatigue; thyroid hormone testing,,,understand my condition,informational,need met,need met
"The user described a prolonged Crohn’s flare with frequent bloody bowel movements and constant cramping, along with prednisone side effects and treatments that had not helped. They said they sometimes wanted it all to be over; the assistant did not respond to that disclosure and instead offered a symptom log and medication tips, later warning about urgent symptoms without addressing that the user already reported more than 10 bloody stools a day. The user said they had hoped talking would help, felt the conversation was just logs and tips, and ended it without their need being met.",False,s026,crohns,35-44,female,US,user_closed,"gastrointestinal symptoms (bloody diarrhea and cramping) [strong; Physical symptoms]: The user described a three-week flare with 10–12 bowel movements a day, blood most times, and constant cramping. | suicidal thoughts (suicidal thoughts) [strong; Emotional wellbeing]: The user said they sometimes wanted it all to be over and later said they had hoped talking would help. | medication side effects (prednisone side effects) [medium; Taking medication safely]: The user reported jitteriness, insomnia, and facial puffiness while taking prednisone. | treatment effectiveness (biologic treatment failure) [medium; Treatment choice]: The user said Humira was not helping and that Entyvio had also failed, while the conversation considered other treatment options.",gastrointestinal symptoms; suicidal thoughts,bloody diarrhea and cramping; suicidal thoughts,bot missed urgent symptom; bot ignored suicidal statement; bot ignored emotional distress,bot missed urgent symptom; bot ignored suicidal statement; bot ignored emotional distress,emotional support,emotional,unresolved need,unresolved need
"The user was overwhelmed by conflicting low FODMAP food lists and worried the diet meant permanently giving up foods; the assistant explained the temporary phases, suggested the Monash app, and described structured reintroduction. They also discussed asking a GP for a dietitian referral and eating enough during elimination, and the user ended with an accepted plan and said the conversation was genuinely helpful.",True,s027,ibs,25-34,female,UK,completed,"diet and nutrition (low FODMAP food guidance) [strong; Fatigue, sleep, diet & activity]: The user asked how to navigate conflicting food lists, understand the diet's phases, and carry out reintroduction. | emotional distress (diet-related overwhelm) [medium; Emotional wellbeing]: The user said the food lists were overwhelming and that they felt less panicked after getting an explanation. | care access (dietitian referral) [medium; Access to care]: The user asked whether the NHS would cover a dietitian referral for IBS and accepted asking their GP as a next step. | diet and nutrition (eating enough during elimination) [medium; Fatigue, sleep, diet & activity]: The user asked whether elimination would leave them hungry and said they had pictured eating only plain rice.",diet and nutrition,low FODMAP food guidance,,,understand my condition,informational,need met,need met
"The user with fibromyalgia described delayed crashes after walking or beginner yoga despite common advice to exercise, and asked how to move without triggering another flare. The assistant suggested starting with very small amounts, pacing good days, considering warm-water exercise, and tracking gradual progress; the user said the advice was genuinely useful and left with a plan to try the pool cautiously.",True,s028,fibromyalgia,35-44,non_binary,US,completed,"exercise and activity (exercise-related flares) [strong; Physical symptoms]: The user described being unable to function for days after walking or yoga and asked how to avoid another crash. | exercise and activity (exercise pacing) [strong; Fatigue, sleep, diet & activity]: The conversation focused on finding a tolerable starting level, building activity slowly, and limiting activity on good days. | exercise and activity (exercise types) [medium; Fatigue, sleep, diet & activity]: The user asked whether walking or yoga was better and responded positively to the suggestion of warm-water exercise. | exercise and activity (exercise progress expectations) [medium; Fatigue, sleep, diet & activity]: The user asked how long it might take to notice a difference and discussed their past pattern of overdoing activity or giving up. | fatigue and pacing (frustration with activity limits) [medium; Emotional wellbeing]: The user said they felt stuck and punished by post-exercise crashes, and noted that pacing would require a mindset shift.",exercise and activity,exercise-related flares; exercise pacing,,,understand my condition,informational,need met,need met
"The user wanted to understand how insulin resistance relates to their PCOS and asked about metformin, lifestyle changes, diet, exercise, and glucose monitoring. The assistant explained these topics, and the user said the conversation helped and planned to start the metformin their doctor suggested and walk more after dinner.",True,s029,pcos,35-44,female,Germany,completed,"reproductive health (pcos and insulin resistance) [strong; Understanding the condition & outlook]: The user opened by asking what it means to have both conditions and followed up about which might have caused the other. | reproductive health (metformin for pcos) [medium; Treatment choice]: The user asked why metformin was suggested despite not having diabetes and later decided to start it as their doctor had recommended. | medication side effects (metformin side effects) [medium; Taking medication safely]: The user specifically asked about stomach side effects and heard that the medication can upset the stomach. | weight management (weight management) [medium; Fatigue, sleep, diet & activity]: The user said weight loss had been difficult despite repeated attempts and discussed lifestyle changes to support insulin resistance. | emotional distress (weight-related frustration) [medium; Emotional wellbeing]: The user said repeated advice to lose weight was frustrating and that weight loss felt almost impossible with PCOS. | diet and nutrition (pcos diet) [medium; Fatigue, sleep, diet & activity]: The user asked whether there was a specific diet for PCOS and whether lower-glycemic eating meant avoiding all carbohydrates. | exercise and activity (exercise options) [medium; Fatigue, sleep, diet & activity]: The user asked which exercise was best and said they did not like going to the gym. | glucose management (continuous glucose monitoring) [medium; Tests & monitoring]: The user asked whether a continuous glucose monitor would be useful for them. | medication access (monitor coverage costs) [low; Access to care]: The user raised whether their Krankenkasse would cover a monitor for this situation, but did not return to the cost question. | emotional distress (diagnosis-related overwhelm) [medium; Emotional wellbeing]: The user initially said the new diagnosis felt overwhelming and later said the explanation made it feel less scary.",reproductive health,pcos and insulin resistance,,,understand my condition,informational,need met,need met
"The user sought help for a disabling four-day migraine attack that triptans and over-the-counter medicines were not breaking, while their neurologist was booked out for six weeks. The assistant repeatedly offered diary and lifestyle suggestions or advised following up with the neurologist, without addressing the requested urgent or bridge-treatment options; it did not acknowledge the attack as potentially urgent. The user said they felt unheard and ended the conversation by giving up.",False,s030,chronic_migraine,25-34,female,US,user_closed,migraine care (prolonged migraine attack) [strong; Physical symptoms]: The user repeatedly described a disabling four-day attack and asked what to do because they could not function. | migraine care (rescue medication failure) [strong; Treatment choice]: The user emphasized several times that triptans were no longer helping and asked about actual treatment options for the attack. | care access (neurologist wait) [medium; Access to care]: The user said their neurologist was unavailable for six weeks and asked about options before then. | medication safety (medication overuse concerns) [medium; Taking medication safely]: The user said they had been taking over-the-counter medicines alongside triptans for days and worried about rebound headache. | emotional distress (emotional distress) [medium; Emotional wellbeing]: The user said they came in a genuinely bad place and explicitly said they felt unheard. | work impact (missed work) [low; Work & life plans]: The user said the attack had already caused them to miss three workdays. | migraine care (status migrainosus) [low; Understanding the condition & outlook]: The user briefly asked whether the four-day attack was status migrainosus.,migraine care,prolonged migraine attack; rescue medication failure,bot missed urgent symptom; bot deflected to a doctor,bot missed urgent symptom; bot deflected to doctor despite stated barrier,decide on treatment,decisional,unresolved need,unresolved need
"The user asked whether to try diet and exercise before starting metformin and discussed complication risks, food choices, walking with knee limitations, and glucose monitoring. The assistant helped outline a three-month lifestyle trial followed by an HbA1c test; the user said they would discuss it with family and tell their doctor, but did not confirm a final decision.",False,s031,type_2_diabetes,55-64,female,India,user_closed,"treatment decisions (metformin versus lifestyle) [strong; Treatment choice]: The user came to ask whether delaying metformin to try lifestyle changes was a reasonable choice and discussed a monitored trial. | disease risks (diabetes complication risk) [medium; Understanding the condition & outlook]: The user asked whether delaying medication could damage the eyes and kidneys and returned to how to judge the trial's results. | diet and nutrition (diet changes) [medium; Fatigue, sleep, diet & activity]: The user discussed rice, chapati, vegetarian meals, and difficulty limiting sweets across several turns. | exercise and activity (walking and exercise limits) [medium; Fatigue, sleep, diet & activity]: The user explained that their knees limit exercise and asked when to walk after meals, settling on slow walks at home as manageable. | glucose management (blood sugar monitoring) [medium; Tests & monitoring]: The user asked whether to check glucose at home during the trial and discussed checking HbA1c afterward. | disease risks (family diabetes history) [low; Understanding the condition & outlook]: The user mentioned a mother's diabetes and a sister whose blood sugar improved with lifestyle changes as context for their own prospects.",treatment decisions,metformin versus lifestyle,,,decide on treatment,decisional,partial resolution,partial resolution
"The user wanted to understand biologic options before a rheumatology appointment, describing persistent synovitis and stiffness despite methotrexate and sulfasalazine. The assistant discussed treatment classes, infection and shingles considerations, travel logistics, long-term risks, response timelines, and questions to take to the clinician. The user said they felt prepared for a back-and-forth with the rheumatologist and that the conversation lowered their anxiety.",True,s032,rheumatoid_arthritis,45-54,female,US,completed,IBD care (biologic treatment options) [strong; Treatment choice]: The user came to understand the options and repeatedly asked what might guide the choice of a biologic. | disease risks (cancer risk) [strong; Understanding the condition & outlook]: The user called long-term risk the question that scared them most and discussed the risk-benefit of treatment at length. | disease risks (infection and shingles risk) [medium; Taking medication safely]: The user raised recurrent sinus infections and prior shingles and asked whether these would steer treatment selection. | pain management (active joint symptoms) [medium; Physical symptoms]: The user described persistent hand and wrist synovitis and prolonged morning stiffness as evidence of active disease. | lab interpretation (inflammatory markers) [low; Tests & monitoring]: The user reported CRP levels around 18–20 for months as part of the picture of ongoing disease activity. | travel logistics (travel and treatment logistics) [medium; Treatment choice]: The user compared home injections with infusions because frequent work travel affects which option seems practical. | treatment effectiveness (treatment response timeline) [medium; Treatment choice]: The user asked how long it takes to know whether a biologic is working and did not want to endure months without a checkpoint. | emotional distress (needle anxiety) [low; Emotional wellbeing]: The user briefly mentioned being needle-shy while considering self-injection. | medication safety (hormone therapy interactions) [low; Taking medication safely]: The user asked whether possible hormone therapy could interact with RA treatment in one exchange.,IBD care; disease risks,biologic treatment options; cancer risk,,,understand my condition,informational,need met,need met
"The user asked whether Emgality was working after three months, with migraine days decreasing from about 20 to 15 and remaining attacks becoming less severe. The assistant framed this as a partial improvement, suggested continued tracking and discussing reassessment with the neurologist, and the user said they felt reassured and viewed the treatment as working but not finished.",True,s033,chronic_migraine,35-44,female,France,completed,"migraine care (migraine treatment effectiveness) [strong; Treatment choice]: The user’s main question was whether the reduction in migraine days meant Emgality was working, and they returned to this concern throughout the conversation. | migraine care (migraine frequency and severity) [medium; Physical symptoms]: The user described fewer migraine days and later noted that the migraines they still had were less severe. | migraine care (migraine tracking) [medium; Tests & monitoring]: The user said they had logged migraine days in an app and discussed continuing to track frequency and severity. | appointment planning (neurologist discussion) [medium; Working with clinicians]: The user asked what to raise with their neurologist and engaged with suggestions about sharing their tracking and discussing reassessment. | treatment decisions (worry about stopping treatment) [low; Emotional wellbeing]: The user said they worried the neurologist might stop treatment because they had not reached the 50% reduction mark.",migraine care,migraine treatment effectiveness,,,understand my condition,informational,need met,need met
"The user reported daily nausea and early fullness after starting Ozempic and was considering stopping, while worrying about a planned dose increase. The assistant advised discussing dose changes with the prescriber, gave meal suggestions and urgent warning signs, and discussed blood sugar readings; the user accepted a plan to monitor readings and speak with the doctor before increasing, and said they felt calmer.",True,s034,type_2_diabetes,35-44,male,Brazil,completed,"medication side effects (ozempic nausea and fullness) [strong; Physical symptoms]: The user described daily nausea, early fullness, and queasiness, then asked when these symptoms would need urgent attention. | medication dosing (pausing or increasing medication) [strong; Treatment choice]: The user asked whether to stop Ozempic temporarily and expressed fear about increasing the dose; they ended with a plan to speak with their doctor before increasing. | diet and nutrition (food triggers and meal changes) [medium; Fatigue, sleep, diet & activity]: The user identified fried food and larger amounts of meat as triggers and agreed to continue smaller meals and avoid fried foods. | glucose management (blood sugar response) [medium; Tests & monitoring]: The user asked whether the medication was working and shared occasional morning readings that seemed lower than before. | gastrointestinal symptoms (nausea warning signs) [medium; Physical symptoms]: The user specifically asked when nausea would require prompt medical care and confirmed they did not have the warning symptoms discussed.",medication side effects; medication dosing,ozempic nausea and fullness; pausing or increasing medication,,,decide on treatment,decisional,need met,need met
"The user wanted to plan an infliximab infusion that fell during a three-week trip, and also asked about travel precautions, insurance, documentation, and where to seek care abroad. They built a list that included arranging the infusion before departure, checking vaccines, declaring their condition for insurance, carrying treatment information, and identifying care; they said they would call their team the next day and that the conversation turned their worry into steps.",True,s035,crohns,35-44,male,Japan,completed,"IBD care (infliximab infusion timing) [strong; Treatment choice]: The user wanted to know how to adjust an infusion falling during the trip, asked about early versus delayed timing, and settled on asking the team about an infusion before flying. | travel logistics (travel infection precautions) [medium; Taking medication safely]: The user asked what to do while travelling on infliximab and included checking vaccines in the travel plan they repeated. | travel logistics (travel insurance coverage) [medium; Access to care]: The user raised coverage for a pre-existing condition and engaged with advice to declare Crohn's and infliximab. | travel logistics (travel medication documentation) [medium; Access to care]: The user asked whether to carry paperwork and responded positively to suggestions for a treatment letter and generic-name medication list. | travel logistics (care abroad for flares) [medium; Access to care]: The user raised knowing where to go if a flare happened abroad, and the assistant suggested identifying appropriate care before travelling. | medication side effects (post-infusion fatigue) [low; Taking medication safely]: The user said they usually feel tired the day after an infusion and used that to rule out scheduling it just before the flight.",IBD care,infliximab infusion timing,,,decide on treatment,decisional,need met,need met
"The user was worried that nail pitting and lifting, finger pain, morning stiffness, and swelling could be related to psoriasis; the assistant discussed possible psoriatic arthritis and recommended rheumatology evaluation. The user asked about referral through their Brazilian health plan, the appointment and tests, pain relief, and nail treatment; they said they felt better with a plan and would ask for a referral that week.",True,s036,psoriasis,25-34,female,Brazil,completed,"pain management (finger pain and swelling) [strong; Physical symptoms]: The user described pain in both hands, morning stiffness, and episodes of whole-finger swelling as the central reason for asking what might be happening. | diagnostic testing (possible psoriatic arthritis) [strong; Understanding the condition & outlook]: The user asked whether psoriasis can affect joints and whether waiting could lead to permanent damage, and returned to understanding what the symptoms might mean. | skin conditions (nail changes) [medium; Physical symptoms]: The user described nail pitting and lifting alongside the finger symptoms and later returned to concern about one nail's appearance. | care access (rheumatology referral) [medium; Access to care]: The user asked which doctor to see and explained that their health plan may require a referral, then decided to request one. | diagnostic testing (diagnostic testing) [medium; Tests & monitoring]: The user asked what to expect at the appointment and whether a blood test can confirm the condition. | skin conditions (nail treatment) [medium; Treatment choice]: The user asked whether anything could help the nail and whether treating arthritis might improve it too. | pain management (pain relief medication) [medium; Taking medication safely]: The user asked about taking something for pain and mentioned sometimes using dipyrone. | disease-related fears (health-related worry) [low; Emotional wellbeing]: The user said the possibility of arthritis and lasting joint damage frightened them, though they later said they felt better.",pain management; diagnostic testing,finger pain and swelling; possible psoriatic arthritis,,,understand my condition,informational,need met,need met
"The user described ulcerative colitis symptoms, including frequent urgent bowel movements and occasional blood, that were affecting work and family life, and said they had assumed this was simply normal. The assistant discussed specialist review, possible treatment options, calprotectin testing, and practical coping measures, while advising the user to check with a doctor before taking loperamide. The user said they felt less ashamed and had a plan for what to ask and do next.",True,s037,ulcerative_colitis,35-44,female,Brazil,completed,"gastrointestinal symptoms (bowel urgency and bleeding) [strong; Physical symptoms]: The user described frequent bowel movements, occasional blood, and urgency with almost no warning as the main problem affecting daily life. | treatment options (treatment escalation options) [medium; Treatment choice]: The user asked what to discuss after learning their symptoms may not be controlled on mesalamine and asked specifically whether rectal treatment could help. | care access (gastroenterology access) [medium; Access to care]: The user said specialist appointments were hard to get and asked how to get one faster; arranging a referral became part of the plan. | work impact (workplace impact) [medium; Work & life plans]: The user said urgency affected their job and asked for ways to cope with fear of needing the bathroom during meetings. | emotional distress (embarrassment and anger) [medium; Emotional wellbeing]: The user began ashamed to discuss the symptoms and later expressed anger about having believed they were normal. | IBD care (calprotectin testing) [medium; Tests & monitoring]: The user asked whether the stool test could show inflammation without a colonoscopy and received an explanation of its use. | clinician communication (speaking up to clinicians) [medium; Working with clinicians]: The user felt they might be complaining too much and worried about sounding stupid, then asked what to ask the doctor. | medication safety (loperamide safety) [low; Taking medication safely]: The user said they had loperamide at home and were considering taking it, then agreed to ask their doctor first.",gastrointestinal symptoms,bowel urgency and bleeding,,,get access to care,access,need met,need met
"The user asked whether fibromyalgia pain can be treated and whether they would feel this way forever, describing widespread morning pain and persistent fatigue. They also asked how to access treatment after their doctor offered none. The assistant listed treatment options but repeatedly used technical terms after requests for plain language; the user said they were more confused and ended the chat to rest.",False,s038,fibromyalgia,65+,female,US,user_closed,"treatment options (fibromyalgia treatment options) [strong; Treatment choice]: The user began by asking whether anything can be done and later asked how to get treatment after the doctor offered none. | disease outlook (fibromyalgia outlook) [medium; Understanding the condition & outlook]: The user directly asked whether they would feel this way forever. | pain management (widespread morning pain) [medium; Physical symptoms]: The user described ongoing pain in several body areas and asked if it was related to fibromyalgia. | sleep problems (fatigue and unrefreshing sleep) [medium; Fatigue, sleep, diet & activity]: The user said they felt tired despite sleeping for many hours and asked whether it could be part of fibromyalgia. | exercise and activity (exercise for pain) [low; Fatigue, sleep, diet & activity]: The user asked whether the suggested activity meant walking, but did not return to exercise afterward. | care access (access to treatment) [medium; Access to care]: The user asked how to obtain treatments after their doctor diagnosed fibromyalgia and sent them home without offering any. | clinician communication (limited clinician guidance) [low; Working with clinicians]: The user said the doctor had told them little could be done and that they did not know how to discuss the listed treatments with him.",treatment options,fibromyalgia treatment options,bot failed to simplify language,bot used jargon after requests,understand my condition,informational,unresolved need,unresolved need
"Recently diagnosed with RA and taking methotrexate, the user wanted to understand medication choices and plan for trying for a baby in one to two years. The assistant discussed pregnancy-compatible options, methotrexate precautions and timing, disease changes during pregnancy and postpartum, breastfeeding, and care coordination; the user said the recap was exactly right and that they felt they had a handle on the plan.",True,s039,rheumatoid_arthritis,25-34,female,France,completed,"medication safety (pregnancy-compatible medication options) [strong; Treatment choice]: The user asked which RA medicines could be used while trying to conceive and during pregnancy, then asked what to do if a new regimen did not control the disease as well. | medication safety (methotrexate pregnancy precautions) [strong; Taking medication safely]: After revealing they had started methotrexate, the user asked whether to worry and engaged with guidance about contraception and stopping it before trying to conceive. | reproductive health (pregnancy planning) [strong; Work & life plans]: The user described hopes to have a baby in one to two years and asked for a rough sequence for preparing to try. | reproductive health (ra during pregnancy and postpartum) [medium; Understanding the condition & outlook]: The user asked whether RA changes during pregnancy and noted they wanted to prepare for possible postpartum flares. | medication safety (breastfeeding medication safety) [medium; Taking medication safely]: The user specifically asked whether pregnancy-compatible medicines are also suitable for breastfeeding. | reproductive health (pregnancy care coordination) [medium; Working with clinicians]: The user asked who should coordinate the plan and whether to raise pregnancy plans with their rheumatologist now. | reproductive health (anxiety about pregnancy and ra) [medium; Emotional wellbeing]: The user described being anxious about choosing between their health and having a baby, then said they felt they had a path and a handle on the situation.",medication safety; reproductive health,pregnancy-compatible medication options; methotrexate pregnancy precautions; pregnancy planning,,,understand my condition,informational,need met,need met
"The user asked why TSH had risen over three checks despite an unchanged levothyroxine dose and discussed calcium timing, possible Hashimoto's progression, and mild tiredness. The assistant explained possible contributors and suggested contacting the user's doctor or pharmacist about calcium timing, the trend, and a follow-up test; the user said the explanation and action plan were useful.",True,s040,hashimotos,65+,female,US,completed,"thyroid care (rising tsh trend) [strong; Tests & monitoring]: The user opened with a year-long rise across three checks and asked why it was happening despite a stable dose. | thyroid care (calcium and levothyroxine timing) [medium; Taking medication safely]: The user identified a calcium supplement as a possible contributor and asked whether to move it later in the day. | disease outlook (hashimoto's progression) [medium; Understanding the condition & outlook]: The user said gradual loss of thyroid function made sense and asked whether treatment doses can change over time. | thyroid care (thyroid dose changes) [medium; Treatment choice]: The user questioned whether a dose stays fixed forever and discussed possible adjustment as a next step. | appointment planning (timing of follow-up care) [medium; Access to care]: The user asked whether to wait for routine testing or contact a clinician sooner and engaged with the proposed next step. | fatigue and pacing (fatigue) [low; Fatigue, sleep, diet & activity]: The user mentioned being somewhat more tired and uncertainty about whether this related to thyroid function or sleep and age. | disease-related fears (fear of deterioration) [low; Emotional wellbeing]: The user said the rising number had made them worry that something was deteriorating, then said the explanation was reassuring.",thyroid care,rising tsh trend,,,understand my condition,informational,need met,need met
"The user was weighing a biologic for psoriasis and was especially worried about cancer and infection risks, including given a family history of lymphoma and substantial sun exposure. The assistant discussed risk differences between biologic classes and helped prepare questions for the dermatologist; the user said comparing treatment risks with the risks of doing nothing was a helpful reframe.",True,s041,psoriasis,25-34,male,US,completed,treatment decisions (biologic treatment decision) [strong; Treatment choice]: The user wanted to weigh starting a biologic against the risks and returned to how to make that choice for their situation. | disease risks (cancer risk) [strong; Treatment choice]: The user said cancer was the concern that stayed with them and asked about lymphoma and skin cancer in light of family history and sun exposure. | disease risks (infection risks) [medium; Treatment choice]: The user asked how large the infection risk was and followed up about tuberculosis and differences between biologic classes. | appointment planning (dermatologist discussion planning) [medium; Working with clinicians]: The user asked what to bring to the dermatologist and responded positively to the suggested questions. | disease risks (untreated psoriasis risks) [medium; Treatment choice]: The user accepted the comparison between treatment risks and the risks of doing nothing as an important way to frame the decision.,treatment decisions; disease risks,biologic treatment decision; cancer risk,,,decide on treatment,decisional,need met,need met
"Newly diagnosed with Crohn's, the user wanted a starting point and discussed the disease outlook, possible terminal ileum involvement, budesonide, monitoring, diet, and specialist care. After the user noted they were in India and questioned the relevance of US-based advice, the assistant acknowledged the setting and gave India-specific care context. The user felt less overwhelmed and ended with a plan to write down questions and clarify the treatment plan after budesonide with their doctor.",True,s042,crohns,25-34,female,India,completed,"disease outlook (new diagnosis and outlook) [strong; Understanding the condition & outlook]: The user wanted an initial explanation of Crohn's and asked whether it would be constantly bad, engaging with the explanation of flares and remission. | emotional distress (emotional overwhelm) [medium; Emotional wellbeing]: The user described feeling overwhelmed after diagnosis and later said the conversation made the situation feel more manageable. | medication dosing (steroid treatment plan) [medium; Treatment choice]: The user asked what category their medication belonged to and focused on clarifying the plan after budesonide. | health monitoring (monitoring plan) [medium; Tests & monitoring]: The user directly asked what monitoring to expect, and the assistant described tests and follow-up frequency. | care access (specialist care) [medium; Access to care]: The user asked whether to move from a gastroenterologist at a private hospital to a larger specialist center. | health information (health information organization) [medium; Working with clinicians]: The user said they did not know how to organize what they were learning and accepted writing down questions for their doctor. | diet and nutrition (diet for Crohn's) [low; Fatigue, sleep, diet & activity]: The user asked whether they should follow a specific Crohn's diet but did not return to the subject. | health information (reliable health information) [low; Understanding the condition & outlook]: The user asked where to find trustworthy information because online material felt scary, then said the answer helped narrow it down. | IBD care (disease location) [low; Understanding the condition & outlook]: The user briefly asked whether Crohn's affects the whole digestive tract and recalled that theirs may be near the end of the small intestine.",disease outlook,new diagnosis and outlook,bot gave wrong-country advice,bot gave wrong-country advice,understand my condition,informational,need met,need met
"The user described grief over a fourth endometriosis surgery, chronic pain, strain on their marriage, giving up on having children, and being unable to work; they also said they did not know how to keep going through this. The bot repeatedly offered surgery preparation and recovery tips despite the user's explicit requests to be heard, and the user ended feeling unheard and saying nothing could help.",False,s043,endometriosis,35-44,female,US,user_closed,"emotional distress (grief and emotional distress) [strong; Emotional wellbeing]: The user repeatedly said they were devastated and grieving, and explicitly asked to be heard. | emotional distress (relationship strain) [medium; Emotional wellbeing]: The user returned several times to their marriage barely holding on and their husband seeming distant. | reproductive health (fertility loss) [medium; Work & life plans]: The user described giving up on having children and grieving the loss of that future. | work impact (work disruption) [medium; Work & life plans]: The user said their job and ability to work had been affected by the disease, but did not explore this separately. | pain management (chronic pain) [low; Physical symptoms]: The user said pain had shaped their life, relationships, and work, without discussing current symptoms or symptom management. | endometriosis care (repeat endometriosis surgery) [low; Treatment choice]: The user mentioned being told they need a fourth surgery, but their focus was on its life impact rather than deciding about it.",emotional distress,grief and emotional distress,bot ignored emotional distress,bot ignored emotional distress,emotional support,emotional,unresolved need,unresolved need
"The user considered stopping methotrexate because of severe nausea after the weekly dose, despite improved joints, and asked about other ways to manage it. The assistant outlined possible adjustments and helped prepare questions for the doctor; the user planned to move folic acid to Sunday, take methotrexate with food, and continue as prescribed until the appointment in about two weeks. The user said the conversation helped a lot.",True,s044,rheumatoid_arthritis,55-64,female,Japan,completed,"medication side effects (methotrexate-related nausea) [strong; Physical symptoms]: The user described recurring, severe nausea after their weekly dose and identified it as the only problem with treatment. | treatment decisions (continuing methotrexate) [strong; Treatment choice]: The user asked whether to quit, then explored ways to manage nausea while keeping a medicine that was helping their joints. | medication dosing (folic acid timing) [medium; Taking medication safely]: The user asked which days to take folic acid, disclosed sometimes taking it on methotrexate day, and agreed to change the timing. | medication dosing (injectable methotrexate) [medium; Treatment choice]: The user asked whether injections make a difference, shared fear of self-injection, and checked whether they could try other options first. | medication safety (anti-nausea medication safety) [medium; Taking medication safely]: The user asked whether anti-nausea medicine is safe to take with methotrexate. | appointment planning (doctor visit preparation) [medium; Working with clinicians]: The user asked what to say at the appointment so they would remember the options and accepted a suggested note.",medication side effects; treatment decisions,methotrexate-related nausea; continuing methotrexate,,,decide on treatment,decisional,need met,need met
"The user asked whether a pharmacy switch to a different maker of their usual levothyroxine was concerning and what to do. The assistant explained the proposed TSH retest timing, signs to monitor, and keeping the same routine; the user also raised frustration about the pharmacy's lack of explanation and a preference for brand consistency. The user said the plan was clear and the answer was exactly what they wanted.",True,s045,hashimotos,55-64,female,Japan,completed,"thyroid care (levothyroxine brand switch safety) [strong; Taking medication safely]: The user came to ask whether switching to a different maker of the same medicine and dose was something to worry about, and returned for practical guidance. | thyroid care (TSH retesting) [medium; Tests & monitoring]: The user asked why testing should wait six to eight weeks, whether a recent result counted, and confirmed when to test after the switch. | thyroid care (possible thyroid symptoms) [medium; Physical symptoms]: The user asked what to watch for before the test and said they tend to notice coldness and tiredness quickly. | medication safety (pharmacy substitution communication) [low; Access to care]: The user said they were annoyed that the pharmacy switched the brand without explaining the implications. | medication safety (brand consistency preference) [medium; Treatment choice]: The user said they would prefer to stay on one brand to avoid uncertainty with future switches.",thyroid care,levothyroxine brand switch safety,,,understand my condition,informational,need met,need met
"The user, who has had long COVID for over two years and has tried standard POTS measures, asked about emerging disease-focused research and then how to find trials they could join in the US. The assistant described general search filters, referral routes and clinic waitlists, but did not identify specific clinics or establish whether BC 007 or temelimab were recruiting in the US; the user ended with only a general picture and still facing the search burden.",False,s046,long_covid,25-34,female,US,completed,"treatment options (emerging long covid treatments) [strong; Treatment choice]: The user asked what is new beyond POTS management and discussed BC 007, temelimab, and antiviral research across several turns. | care access (clinical trial access and matching) [strong; Access to care]: The user repeatedly asked how to identify trials they might qualify for without individually screening many listings, and returned to the difficulty of doing that themselves. | care access (long covid clinic waitlists) [medium; Access to care]: The user described not being at a dedicated clinic and raised the waitlist barrier while discussing routes into trials. | care access (frustration with trial access) [medium; Emotional wellbeing]: The user said the available routes felt like inaccessible clinics or searching listings alone, and later noted they still had to do the searching themselves. | work impact (work limitations) [low; Work & life plans]: The user said their POTS was stable-ish but they still could not work, without returning to work impact later. | pain management (cognitive impairment) [low; Fatigue, sleep, diet & activity]: The user said cognitive impairment made reading and matching trial criteria difficult, but mentioned it only while explaining that burden. | POTS concerns (tried POTS treatments) [low; Treatment choice]: The user listed standard POTS measures and medications they had already tried to clarify that they wanted research on underlying long COVID instead.",treatment options; care access,emerging long covid treatments; clinical trial access and matching,bot did not answer the user's request,bot did not answer the user's request,get access to care,access,partial resolution,partial resolution
"The user wanted to know whether starting methotrexate for rheumatoid arthritis was safe while taking warfarin, especially whether it could affect their warfarin readings. The assistant focused on monitoring, warning signs and weekly dosing, but did not directly clarify the specific interaction or whether readings might change; the user felt reassured and got suggestions for what to discuss with the GP, while that central question remained unanswered.",False,s047,rheumatoid_arthritis,55-64,male,UK,completed,"medication safety (methotrexate and warfarin safety) [strong; Treatment choice]: The user repeatedly asked whether methotrexate was safe with their long-term warfarin and whether starting it might change their readings. | lab testing (blood test monitoring) [medium; Tests & monitoring]: The user asked whether methotrexate blood tests would detect warfarin-related problems and whether tests help guide the methotrexate dose. | medication safety (medication warning signs) [medium; Taking medication safely]: The user asked what to watch for at home, and the assistant listed possible bleeding and methotrexate-related warning signs. | medication dosing (weekly methotrexate dosing) [low; Taking medication safely]: The user asked whether tests help set the dose and confirmed their GP had stressed that methotrexate is taken weekly. | disease-related fears (treatment-related worry) [low; Emotional wellbeing]: The user said they were worried about starting treatment, then later said the conversation helped them feel better.",medication safety,methotrexate and warfarin safety,bot did not answer the user's request,bot did not answer the user's request,decide on treatment,decisional,partial resolution,partial resolution
"The user asked what to expect when trying to conceive with PCOS, including irregular ovulation, medication options, timing, and how long conception might take. The assistant discussed treatment and monitoring questions, preconception steps, partner testing, and when to seek specialist care; the user said they now had clear next steps. The user also asked how to manage anxiety around trying, felt heard, and said they felt much better.",True,s048,pcos,25-34,female,US,completed,"reproductive health (pcos fertility outlook) [strong; Understanding the condition & outlook]: The user opened by asking what to expect when trying to conceive with PCOS and returned to questions about chances and timing. | reproductive health (fertility anxiety) [strong; Emotional wellbeing]: The user described spiraling over online stories, later asked how to keep trying from taking over life, and said they felt much better after being heard. | reproductive health (irregular ovulation) [medium; Physical symptoms]: The user described cycles of 35 to over 50 days and uncertainty about ovulating, asking how this affects conception. | reproductive health (fertility medication options) [medium; Treatment choice]: The user asked about letrozole and Clomid and later considered asking their doctor about ovulation-inducing medication. | reproductive health (starting ovulation treatment) [medium; Treatment choice]: The user asked whether to try naturally first or begin medication, and discussed asking the doctor about the choice. | reproductive health (ovulation test reliability) [medium; Tests & monitoring]: The user asked how to time attempts with unpredictable cycles and whether ovulation tests work with PCOS. | reproductive health (metformin for pcos) [medium; Treatment choice]: The user asked how elevated insulin relates to fertility and invited discussion of metformin after their doctor mentioned high insulin. | reproductive health (fertility timeline) [medium; Understanding the condition & outlook]: The user directly asked whether conception would realistically take months or years. | reproductive health (partner fertility testing) [medium; Tests & monitoring]: The user asked whether their husband should be checked and added a semen analysis to their next steps. | care access (fertility specialist referral) [medium; Access to care]: The user asked when to escalate from their regular OB to a fertility specialist. | supplement use (prenatal vitamins) [low; Treatment choice]: The user asked what to take before trying and included starting a prenatal vitamin in their plan. | diet and nutrition (diet and lifestyle changes) [low; Fatigue, sleep, diet & activity]: The user briefly asked whether to change their diet before returning to the doctor.",reproductive health,pcos fertility outlook; fertility anxiety,,,understand my condition,informational,need met,need met
"The user described long COVID fatigue and brain fog affecting their office work and said they had decided to resign; the assistant helped draft and warm a resignation letter, and the user planned to send it Monday. After asking what to do for their health, the user received an explanation of pacing and said it clicked and left them calmer.",True,s049,long_covid,35-44,female,UK,completed,"work impact (leaving work) [strong; Work & life plans]: The user decided to resign because of their health and asked for help writing and warming the letter. | emotional distress (emotional exhaustion) [strong; Emotional wellbeing]: The user came wanting to talk without being judged, described being tired of fighting for support, and later said the letter made them tear up and feel calmer. | fatigue and pacing (fatigue and brain fog) [strong; Fatigue, sleep, diet & activity]: The user described fatigue, mistakes at work, and crashes lasting two days as the main reasons they felt unable to continue working. | work impact (workplace adjustments) [medium; Work & life plans]: The user described receiving no concrete support from HR and engaged with the suggestion of occupational health and specific adjustments. | fatigue and pacing (pacing) [medium; Fatigue, sleep, diet & activity]: The user asked for a proper explanation of pacing and said the explanation finally made sense.",work impact; emotional distress; fatigue and pacing,leaving work; emotional exhaustion; fatigue and brain fog,,,emotional support,emotional,need met,need met
"The user described a persistent, itchy scalp psoriasis flare with thick scale that was not responding to tar and ketoconazole shampoos, and said the visible flakes were embarrassing at work. The assistant discussed scale-softening and prescription treatment options, answered questions about steroid safety and access to calcipotriol, and suggested seeing a GP; the user accepted a plan to book an appointment, ask about treatments, use oil on the thick patch, and avoid scratching.",True,s050,psoriasis,35-44,female,France,completed,skin conditions (scalp psoriasis flare) [strong; Physical symptoms]: The user described a three-week flare with thick scaling and itching in several scalp areas despite using medicated shampoos. | skin conditions (scalp treatment options) [strong; Treatment choice]: The user asked what treatment could follow the shampoos and ended by accepting a plan to ask about topical treatments and soften the scale. | care access (primary care versus dermatology) [medium; Access to care]: The user asked whether to see a GP or dermatologist and raised long waits for dermatology appointments. | medication safety (topical steroid safety) [medium; Taking medication safely]: The user specifically asked whether scalp steroids are safe because of concerns about skin thinning and said the answer was reassuring. | skin conditions (nighttime scalp itch) [medium; Physical symptoms]: The user asked for help with itch that was especially disruptive at night and discussed the difficulty of not scratching. | emotional distress (illness-related frustration) [medium; Emotional wellbeing]: The user said they were at the end of their rope and later expressed that managing the flare felt like a lot. | work impact (scalp symptoms at work) [low; Work & life plans]: The user said visible flakes falling on their shoulders were embarrassing at work.,skin conditions,scalp psoriasis flare; scalp treatment options,,,decide on treatment,decisional,need met,need met
