session_id,run1,run2,run3,committed,n_distinct,majority,committed_matches_majority
s001,True,True,True,True,1,True,True
s002,True,True,True,True,1,True,True
s003,True,True,True,True,1,True,True
s004,True,True,True,True,1,True,True
s005,False,False,False,False,1,False,True
s006,True,True,True,True,1,True,True
s007,True,True,True,True,1,True,True
s008,True,True,True,True,1,True,True
s009,True,True,True,True,1,True,True
s010,True,True,True,True,1,True,True
s011,True,True,True,True,1,True,True
s012,True,True,True,True,1,True,True
s013,True,True,True,True,1,True,True
s014,False,False,False,False,1,False,True
s015,True,True,True,True,1,True,True
s016,True,True,True,True,1,True,True
s017,False,False,False,False,1,False,True
s018,False,False,False,False,1,False,True
s019,True,True,True,True,1,True,True
s020,True,True,True,True,1,True,True
s021,True,True,True,True,1,True,True
s022,True,True,False,True,2,True,True
s023,True,True,True,True,1,True,True
s024,False,False,False,False,1,False,True
s025,True,True,True,True,1,True,True
s026,False,False,False,False,1,False,True
s027,True,True,True,True,1,True,True
s028,True,True,True,True,1,True,True
s029,True,True,True,True,1,True,True
s030,False,False,False,False,1,False,True
s031,True,True,True,True,1,True,True
s032,True,True,True,True,1,True,True
s033,True,True,True,True,1,True,True
s034,True,True,True,True,1,True,True
s035,True,True,True,True,1,True,True
s036,True,True,True,True,1,True,True
s037,True,True,True,True,1,True,True
s038,False,False,False,False,1,False,True
s039,True,True,True,True,1,True,True
s040,True,True,True,True,1,True,True
s041,True,False,False,True,2,False,False
s042,True,True,True,True,1,True,True
s043,False,False,False,False,1,False,True
s044,True,True,True,True,1,True,True
s045,True,True,True,True,1,True,True
s046,False,False,False,False,1,False,True
s047,False,False,False,False,1,False,True
s048,True,True,True,True,1,True,True
s049,True,True,True,True,1,True,True
s050,True,True,True,True,1,True,True
