session_id,identical_3_runs,mean_pairwise_jaccard,n_labels_per_run,committed_matches_majority
s001,True,1.0,1/1/1,True
s002,True,1.0,1/1/1,True
s003,True,1.0,1/1/1,True
s004,False,0.556,2/2/2,True
s005,False,0.417,3/2/2,True
s006,True,1.0,1/1/1,True
s007,True,1.0,1/1/1,True
s008,True,1.0,1/1/1,True
s009,True,1.0,1/1/1,True
s010,False,0.667,1/2/2,True
s011,False,0.556,2/2/2,False
s012,False,0.667,2/1/2,False
s013,True,1.0,2/2/2,False
s014,True,1.0,1/1/1,True
s015,False,0.556,2/2/2,True
s016,False,0.667,1/2/2,True
s017,True,1.0,1/1/1,True
s018,False,0.778,3/2/3,True
s019,False,0.556,2/2/2,True
s020,False,0.667,2/2/1,True
s021,False,0.556,2/2/2,False
s022,False,0.556,2/2/2,True
s023,True,1.0,2/2/2,True
s024,True,1.0,2/2/2,True
s025,False,0.667,1/2/1,False
s026,False,0.556,2/2/2,True
s027,False,0.667,2/2/1,False
s028,False,0.667,2/2/1,True
s029,False,0.556,3/1/1,True
s030,False,0.667,2/1/1,True
s031,False,0.667,2/1/2,False
s032,False,0.417,3/2/2,True
s033,True,1.0,1/1/1,False
s034,True,1.0,2/2/2,True
s035,False,0.333,1/2/1,False
s036,True,1.0,1/1/1,True
s037,False,0.667,1/2/1,False
s038,False,0.667,1/2/1,True
s039,False,0.667,1/2/1,False
s040,False,0.667,2/1/1,True
s041,True,1.0,2/2/2,True
s042,False,0.667,1/1/2,False
s043,False,0.5,3/2/1,False
s044,True,1.0,2/2/2,True
s045,False,0.333,1/1/1,False
s046,False,0.667,2/1/2,False
s047,True,1.0,1/1/1,True
s048,True,1.0,1/1/1,True
s049,False,0.556,3/2/2,False
s050,False,0.667,1/2/2,False
