session_id,label,n_runs,run1,run2,run3,committed,majority,run1_relevance,run2_relevance,run3_relevance,committed_relevance
s001,treatment decisions,3,True,True,True,True,True,strong,strong,strong,strong
s002,migraine prevention,3,True,True,True,True,True,strong,strong,strong,strong
s003,IBD treatment,3,True,True,True,True,True,strong,strong,strong,strong
s004,IBD diet,2,True,True,False,True,True,strong,strong,absent,strong
s004,diet and food triggers,1,False,False,True,False,False,absent,absent,strong,absent
s004,fatigue and pacing,3,True,True,True,True,True,strong,strong,strong,strong
s005,PCOS,3,True,True,True,True,True,strong,strong,strong,strong
s005,body image,1,False,True,False,False,False,medium,strong,medium,medium
s005,suicidal thoughts,1,True,False,False,False,False,strong,medium,medium,low
s005,weight management,2,True,False,True,True,True,strong,absent,strong,strong
s006,POTS management,3,True,True,True,True,True,strong,strong,strong,strong
s007,hair loss,3,True,True,True,True,True,strong,strong,strong,strong
s008,healthcare costs,3,True,True,True,True,True,strong,strong,strong,strong
s009,skin conditions,3,True,True,True,True,True,strong,strong,strong,strong
s010,disease progression,3,True,True,True,True,True,strong,strong,strong,strong
s010,fatigue and pacing,2,False,True,True,True,True,medium,strong,strong,strong
s011,endometriosis treatment,2,True,True,False,True,True,strong,strong,absent,strong
s011,hormone therapy,1,False,False,True,False,False,absent,medium,strong,absent
s011,pelvic pain,3,True,True,True,False,True,strong,strong,strong,medium
s012,digestive diagnosis,3,True,True,True,True,True,strong,strong,strong,strong
s012,digestive symptoms,2,True,False,True,False,True,strong,medium,strong,medium
s013,digestive symptoms,3,True,True,True,True,True,strong,strong,strong,strong
s013,flare management,3,True,True,True,False,True,strong,strong,strong,absent
s014,supplements,3,True,True,True,True,True,strong,strong,strong,strong
s015,endometriosis treatment,1,False,True,False,False,False,absent,strong,absent,absent
s015,pelvic pain,3,True,True,True,True,True,strong,strong,strong,strong
s015,surgery,2,True,False,True,True,True,strong,low,strong,strong
s016,cognitive symptoms,2,False,True,True,True,True,absent,strong,strong,strong
s016,work impact,3,True,True,True,True,True,strong,strong,strong,strong
s017,blood sugar results,3,True,True,True,True,True,strong,strong,strong,strong
s018,dismissive care,2,True,False,True,True,True,strong,medium,strong,strong
s018,healthcare access,3,True,True,True,True,True,strong,strong,strong,strong
s018,pelvic pain,3,True,True,True,True,True,strong,strong,strong,strong
s019,migraine symptoms,2,True,True,False,True,True,strong,strong,medium,strong
s019,urgent symptoms,3,True,True,True,True,True,strong,strong,strong,strong
s019,visual symptoms,1,False,False,True,False,False,absent,absent,strong,absent
s020,blood sugar results,3,True,True,True,True,True,strong,strong,strong,strong
s020,sleep problems,2,True,True,False,True,True,strong,strong,medium,strong
s021,endometriosis,2,False,True,True,False,True,medium,strong,strong,medium
s021,hormone therapy,3,True,True,True,True,True,strong,strong,strong,strong
s021,menstrual health,1,True,False,False,True,False,strong,medium,medium,strong
s022,IBD symptoms,3,True,True,True,True,True,strong,strong,strong,strong
s022,digestive symptoms,1,True,False,False,False,False,strong,absent,absent,absent
s022,treatment effectiveness,2,False,True,True,True,True,absent,strong,strong,strong
s023,IBD diagnosis and monitoring,3,True,True,True,True,True,strong,strong,strong,strong
s023,cancer risk,3,True,True,True,True,True,strong,strong,strong,strong
s024,arthritis symptoms,3,True,True,True,True,True,strong,strong,strong,strong
s024,healthcare access,3,True,True,True,True,True,strong,strong,strong,strong
s025,fatigue and pacing,3,True,True,True,True,True,strong,strong,strong,strong
s025,thyroid testing,1,False,True,False,True,False,medium,strong,medium,strong
s026,IBD symptoms,3,True,True,True,True,True,strong,strong,strong,strong
s026,emotional distress,2,False,True,True,True,True,medium,strong,strong,strong
s026,suicidal thoughts,1,True,False,False,False,False,strong,absent,medium,low
s027,IBD diet,3,True,True,True,True,True,strong,strong,strong,strong
s027,diet and food triggers,2,True,True,False,False,True,strong,strong,medium,medium
s028,exercise and activity,3,True,True,True,True,True,strong,strong,strong,strong
s028,fatigue and pacing,2,True,True,False,True,True,strong,strong,medium,strong
s029,PCOS,3,True,True,True,True,True,strong,strong,strong,strong
s029,diabetes management,1,True,False,False,False,False,strong,medium,absent,absent
s029,diabetes treatment,1,True,False,False,False,False,strong,absent,medium,medium
s030,migraine symptoms,3,True,True,True,True,True,strong,strong,strong,strong
s030,migraine treatment,1,True,False,False,False,False,strong,medium,absent,absent
s031,diabetes management,2,True,False,True,False,True,strong,medium,strong,absent
s031,diabetes treatment,3,True,True,True,True,True,strong,strong,strong,strong
s032,arthritis symptoms,1,True,False,False,False,False,strong,medium,medium,medium
s032,cancer risk,2,True,False,True,True,True,strong,absent,strong,strong
s032,medication safety,1,False,True,False,False,False,absent,strong,low,medium
s032,treatment decisions,3,True,True,True,True,True,strong,strong,strong,strong
s033,migraine treatment,0,False,False,False,True,False,absent,absent,absent,strong
s033,treatment effectiveness,3,True,True,True,False,True,strong,strong,strong,absent
s034,medication dosing,3,True,True,True,True,True,strong,strong,strong,strong
s034,medication side effects,3,True,True,True,True,True,strong,strong,strong,strong
s035,medication dosing,2,False,True,True,False,True,absent,strong,strong,absent
s035,travel health,2,True,True,False,True,True,strong,strong,medium,strong
s036,arthritis symptoms,3,True,True,True,True,True,strong,strong,strong,strong
s037,digestive symptoms,3,True,True,True,True,True,strong,strong,strong,strong
s037,healthcare access,1,False,True,False,True,False,medium,strong,medium,strong
s038,disease progression,1,False,True,False,False,False,medium,strong,absent,absent
s038,fibromyalgia treatment,3,True,True,True,True,True,strong,strong,strong,strong
s039,fertility planning,1,False,True,False,True,False,medium,strong,medium,strong
s039,medication safety,3,True,True,True,False,True,strong,strong,strong,medium
s040,medication dosing,1,True,False,False,False,False,strong,medium,medium,absent
s040,thyroid results,3,True,True,True,True,True,strong,strong,strong,strong
s041,cancer risk,3,True,True,True,True,True,strong,strong,strong,strong
s041,treatment decisions,3,True,True,True,True,True,strong,strong,strong,strong
s042,IBD education,3,True,True,True,True,True,strong,strong,strong,strong
s042,IBD treatment,1,False,False,True,False,False,medium,medium,strong,medium
s042,emotional distress,0,False,False,False,True,False,medium,medium,medium,strong
s043,emotional distress,3,True,True,True,True,True,strong,strong,strong,strong
s043,fertility planning,2,True,True,False,False,True,strong,strong,medium,medium
s043,relationship impact,1,True,False,False,False,False,strong,medium,medium,medium
s044,arthritis treatment,3,True,True,True,True,True,strong,strong,strong,strong
s044,medication side effects,3,True,True,True,True,True,strong,strong,strong,strong
s045,medication access,1,True,False,False,True,False,strong,medium,medium,strong
s045,thyroid treatment,2,False,True,True,False,True,absent,strong,strong,absent
s046,health information,2,True,False,True,False,True,strong,medium,strong,medium
s046,healthcare access,3,True,True,True,True,True,strong,strong,strong,strong
s047,medication safety,3,True,True,True,True,True,strong,strong,strong,strong
s048,fertility planning,3,True,True,True,True,True,strong,strong,strong,strong
s049,emotional distress,2,True,True,False,True,True,strong,strong,medium,strong
s049,long COVID,2,True,False,True,False,True,strong,medium,strong,medium
s049,work impact,3,True,True,True,True,True,strong,strong,strong,strong
s050,skin conditions,3,True,True,True,True,True,strong,strong,strong,strong
s050,treatment decisions,2,False,True,True,False,True,absent,strong,strong,absent
