opening,count
that s a really,23
i m really glad,19
that s a very,9
it s a fair,7
you re very welcome,6
i m sorry you,6
that s a great,5
that s exactly the,5
that s a genuinely,5
i m glad it,4
that s a completely,4
that s completely understandable,4
that sounds like a,3
that s a common,3
that s a reasonable,3
i m really sorry,3
that s such a,3
you re right that,3
it s a very,2
that makes complete sense,2
good instinct to ask,2
here s a focused,2
ah thank you for,2
exactly that s a,2
of course and it,2
you re not alone,2
that s a real,2
that s a fair,2
that s a sensible,2
no problem at all,2
that s an important,2
i understand please do,2
thank you that s,2
that s actually a,2
that s useful context,2
you ve got the,2
that s a good,2
i m so glad,2
that s a thoughtful,2
i really want to,2
that s a perfect,2
it sounds like you,2
you don t have,2
that s a clear,2
that sounds genuinely frustrating,1
exactly you have every,1
it isn t humira,1
two worth asking about,1
then let s get,1
here s a starting,1
you can absolutely ask,1
and that s a,1
the cgrp inhibitors block,1
great question yes the,1
it s relatively new,1
they are in the,1
migraxone is generally well,1
often yes this is,1
for ulcerative colitis the,1
both are legitimate doses,1
i understand why that,1
that context helps with,1
good question mesalamine also,1
for most granule formulations,1
oral mesalamine usually takes,1
exactly right your 1,1
that s a healthy,1
right that s an,1
it matters quite a,1
fair question and here,1
perfect mindset for it,1
yes and that framing,1
that sounds exactly right,1
hi pcos stands for,1
i hear you just,1
the weight gain is,1
okay a few pcos,1
ha fair it s,1
that s really common,1
i get that the,1
here s a compact,1
you ve got this,1
no need to apologize,1
ha yes this trips,1
great idea to write,1
you weren t failing,1
it s common for,1
it s not dumb,1
not dumb at all,1
that shift from panic,1
thank you for reaching,1
that s helpful gradual,1
the main ones i,1
it absolutely could contribute,1
it s not necessarily,1
i d be honest,1
i really hear how,1
starting with your regular,1
great instinct to prepare,1
good question a few,1
hello happy to help,1
good news on both,1
exactly it s covered,1
that s right your,1
it s designed to,1
the most common ones,1
i understand money stress,1
situations do vary from,1
yes weight loss is,1
yes that s very,1
a few reasons stack,1
classic spots those thicker,1
the two that help,1
yeah try nudging it,1
exactly a loose cotton,1
for overnight yes ointments,1
great quick recap cooler,1
you re welcome hope,1
thank you for asking,1
understood no pats on,1
it is forever when,1
what you re describing,1
that s the working,1
it does move which,1
that s the real,1
that gap in understanding,1
of course go back,1
i ll answer that,1
good plan a few,1
that s really frustrating,1
absolutely it s smart,1
sure the progestin only,1
the mirena is worth,1
i can understand feeling,1
i can t tell,1
it s underused so,1
there is a test,1
right that s a,1
so because the test,1
that s a useful,1
fair i probably introduced,1
i can t speak,1
that inconsistency is really,1
correct and i want,1
yeah unfortunately sibo has,1
yes and honestly the,1
got it so ibs,1
right you need something,1
yes for ibs d,1
ha the fiber advice,1
here s how i,1
probably not no coffee,1
that s a sharp,1
a bit of both,1
great question quality really,1
for magnesium a common,1
the most important thing,1
generally supplements like magnesium,1
for coq10 studies in,1
for supplements with the,1
the good news is,1
that s fine as,1
you re welcome remember,1
i m sorry that,1
that s the idea,1
repeat surgery is more,1
that s very common,1
it s on the,1
exactly endometriosis pain is,1
here s a concrete,1
of course your pain,1
i hear you and,1
i understand the skepticism,1
completely fair let s,1
that resistance makes total,1
yes and that particular,1
this is a real,1
there s very much,1
honest answer there s,1
that reaction is really,1
you deserved better than,1
a high fasting glucose,1
that s elevated for,1
understood if you re,1
the tablet size doesn,1
you re right and,1
good question on your,1
that s excellent you,1
yes just once or,1
essentially yes the 3am,1
you re correct i,1
alright to summarize simply,1
pain that stops you,1
understood the general principle,1
i hear you the,1
let s focus on,1
that s the frustrating,1
i understand you want,1
waiting is hard when,1
that s fair for,1
i understand it s,1
that does sound scary,1
based only on what,1
honestly it s hard,1
exactly that s the,1
you ve picked up,1
that sounds like exactly,1
good morning that s,1
great mindset a few,1
it s easy to,1
it can yes even,1
i understand that worry,1
under 7 is a,1
here s a practical,1
it s worth asking,1
because it points to,1
that instinct may well,1
that s exactly right,1
that s fair and,1
your instinct there is,1
exactly you don t,1
you re absolutely right,1
here are some concrete,1
it s usually recognizable,1
i think that s,1
that makes sense that,1
good question adalimumab is,1
yes a drug level,1
you re not overreacting,1
that fear is completely,1
it depends on what,1
there are definitely other,1
during a symptomatic patch,1
your appointment will be,1
that s an excellent,1
exactly increased is nearly,1
the cornerstone is surveillance,1
it s risk stratified,1
both of those are,1
it is somewhat different,1
this is an area,1
a few things though,1
that s an accurate,1
perfect mornings it is,1
no need to sit,1
they ve slotted you,1
for an acute flare,1
i completely understand the,1
yes bringing your most,1
both the clinic will,1
buona giornata to you,1
great question tsh is,1
absolutely that s a,1
this trips a lot,1
ha i m glad,1
exactly and that s,1
that s a significant,1
40mg is a standard,1
it s possible you,1
i understand the fatigue,1
steroid refractory disease with,1
living with a chronic,1
a log won t,1
here are a few,1
that s fine is,1
i want to make,1
understood your symptom log,1
ha you re not,1
exactly you nailed it,1
totally fair and here,1
honestly this is the,1
it varies by area,1
not a dumb question,1
ha no plain rice,1
that genuinely made me,1
vent away this is,1
that reaction feeling fine,1
i know it sounds,1
exactly that the crashes,1
good question and the,1
that instinct is completely,1
you ve just described,1
there s decent evidence,1
that could be a,1
ha i hear you,1
i ll be honest,1
that means a lot,1
i m sorry getting,1
it actually goes in,1
yes the most common,1
you re not limited,1
that frustration is completely,1
there isn t one,1
no and i m,1
it can be a,1
you re probably right,1
then don t force,1
i understand headaches can,1
it s great that,1
one thing many patients,1
i hear you have,1
of course the best,1
in the meantime staying,1
migraines can certainly be,1
rebound headaches are a,1
that s completely fine,1
he s not wrong,1
good question and honestly,1
yes it s absolutely,1
home checking can be,1
absolutely and i think,1
those details genuinely matter,1
good questions and this,1
logistics can genuinely be,1
that s not funny,1
i ll be straight,1
yes and i think,1
reasonable thing to want,1
you re not overcomplicating,1
that s really the,1
that s great because,1
it is below the,1
three months is usually,1
it genuinely can the,1
keep doing what you,1
that absolutely counts as,1
a few useful things,1
that s a lovely,1
that s helpful thank,1
that fits exactly fried,1
i understand the wish,1
it s very common,1
great question and important,1
ha that s fair,1
that s a solid,1
happy to help you,1
okay that s a,1
smart to go in,1
i d be cautious,1
doing it early is,1
exactly give yourself a,1
great that you re,1
yes that s a,1
good question and yes,1
exactly the right instinct,1
that s a fantastic,1
that s the best,1
thanks for sharing this,1
that combination is important,1
i don t want,1
both are reasonable starting,1
yes exactly a reumatologista,1
that s very reasonable,1
good question unlike rheumatoid,1
for short term relief,1
nail psoriasis is genuinely,1
yes that s often,1
thank you for trusting,1
that s really helpful,1
please hear me on,1
you won t sound,1
yes it often does,1
i completely understand that,1
exactly it s a,1
yes though i want,1
of course let s,1
this truly means a,1
fibromyalgia is a condition,1
of course in simpler,1
understood an snri is,1
yes walking can be,1
non restorative sleep and,1
i understand to answer,1
you can write them,1
i m sorry to,1
you re right my,1
that s genuinely smart,1
there s a reassuring,1
that fear is really,1
the most important one,1
no you don t,1
exactly that s an,1
happy to sketch it,1
you re remembering correctly,1
several of them are,1
now is a great,1
absolutely let s recap,1
that s wonderful to,1
good and consistent timing,1
that timing detail is,1
that s the typical,1
right and it may,1
you ve put your,1
given it s been,1
it does feel long,1
this is where the,1
good that you flagged,1
yes and this is,1
it does tnf inhibitors,1
exactly right the newer,1
precisely chronic inflammation itself,1
worth raising with your,1
that s the key,1
a few things share,1
it really does change,1
first i m really,1
right for most people,1
good question and this,1
terminal ileum most likely,1
let me give you,1
that fits well with,1
monitoring is a real,1
that instinct to be,1
thank you for telling,1
being under a gastroenterologist,1
this is one where,1
that s genuinely the,1
recovery from endometriosis excision,1
managing expectations before surgery,1
for the best surgical,1
staying organized really does,1
insurance and paperwork are,1
absolutely preparation can feel,1
grief before a big,1
it s completely normal,1
i m sorry the,1
that mukamuka feeling that,1
that s such an,1
this is a really,1
please don t feel,1
exactly yes there s,1
yes it s commonly,1
i really understand you,1
in general yes the,1
hello and that s,1
that s the common,1
the main practical step,1
the earlier result tells,1
exactly right counting about,1
yes between now and,1
yes keep the same,1
that s an understandable,1
understood you re well,1
that s the crux,1
it is genuinely hard,1
that energy cost is,1
there are a few,1
i hear that and,1
several academic medical centers,1
for the location specific,1
the autoantibody and herv,1
hello and good question,1
that s sensible to,1
the standard methotrexate monitoring,1
everyone responds a little,1
general good practice with,1
yes methotrexate for ra,1
a few sensible things,1
first congratulations on the,1
your doctor is right,1
you ve named the,1
really good question and,1
not embarrassing at all,1
yes and it s,1
that connection often gets,1
that s the question,1
really important that you,1
sensible to know the,1
the anxious part is,1
that pattern pushing through,1
it s a common,1
i hear how deep,1
of course i can,1
absolutely here s a,1
pacing means matching your,1
good question when the,1
so think of it,1
in france calcipotriol and,1
i hear you it,1
both are reasonable for,1
night itch is really,1
yeah it s a,1
