field,value,count
gender,female,36
gender,male,11
gender,non_binary,3
age_group,35-44,16
age_group,45-54,12
age_group,25-34,12
age_group,55-64,6
age_group,18-24,2
age_group,65+,2
country,US,16
country,UK,6
country,Germany,5
country,Canada,5
country,France,5
country,India,4
country,Japan,4
country,Brazil,4
country,Italy,1
disease,crohns,5
disease,type_2_diabetes,5
disease,endometriosis,5
disease,rheumatoid_arthritis,5
disease,chronic_migraine,4
disease,hashimotos,4
disease,pcos,4
disease,long_covid,4
disease,psoriasis,4
disease,fibromyalgia,4
disease,ulcerative_colitis,3
disease,ibs,3
session_ended_by,completed,40
session_ended_by,user_closed,10
