session_id,gender,age_group,country,disease,started_at,ended_at,session_ended_by,n_turns,n_user,n_assistant,first_role,last_role,user_words,assistant_words,assistant_to_user_words,duration_min
s001,male,35-44,UK,crohns,2026-05-21 01:00:00+00:00,2026-05-21 01:17:30+00:00,completed,25,13,12,user,user,268,612,2.283582089552239,17.5
s002,female,45-54,US,chronic_migraine,2026-05-18 17:00:00+00:00,2026-05-18 17:14:00+00:00,completed,20,10,10,user,assistant,255,752,2.9490196078431374,14.0
s003,female,35-44,US,ulcerative_colitis,2026-05-23 16:00:00+00:00,2026-05-23 16:14:42+00:00,completed,21,11,10,user,user,139,706,5.079136690647482,14.7
s004,female,45-54,Germany,hashimotos,2026-05-23 23:00:00+00:00,2026-05-23 23:16:48+00:00,completed,24,12,12,user,assistant,337,1444,4.28486646884273,16.8
s005,non_binary,18-24,US,pcos,2026-05-15 17:00:00+00:00,2026-05-15 17:14:42+00:00,user_closed,21,11,10,user,user,143,657,4.594405594405594,14.7
s006,female,35-44,Canada,long_covid,2026-05-19 22:00:00+00:00,2026-05-19 22:19:36+00:00,completed,28,14,14,user,assistant,415,1278,3.0795180722891566,19.6
s007,female,18-24,India,pcos,2026-05-16 07:00:00+00:00,2026-05-16 07:18:12+00:00,completed,26,13,13,user,assistant,269,1498,5.568773234200743,18.2
s008,male,45-54,France,type_2_diabetes,2026-05-23 01:00:00+00:00,2026-05-23 01:15:24+00:00,completed,22,11,11,user,assistant,302,639,2.115894039735099,15.4
s009,male,45-54,Germany,psoriasis,2026-05-21 21:00:00+00:00,2026-05-21 21:14:00+00:00,user_closed,20,10,10,user,assistant,72,371,5.152777777777778,14.0
s010,female,35-44,UK,long_covid,2026-05-22 00:00:00+00:00,2026-05-22 00:18:54+00:00,completed,27,14,13,user,user,337,991,2.940652818991098,18.9
s011,female,25-34,UK,endometriosis,2026-05-21 19:00:00+00:00,2026-05-21 19:18:12+00:00,completed,26,13,13,user,assistant,332,1668,5.024096385542169,18.2
s012,female,55-64,Canada,ibs,2026-05-14 11:00:00+00:00,2026-05-14 11:18:12+00:00,completed,26,13,13,user,assistant,369,1238,3.355013550135501,18.2
s013,male,45-54,US,ibs,2026-05-18 12:00:00+00:00,2026-05-18 12:16:48+00:00,completed,24,12,12,user,assistant,264,1384,5.242424242424242,16.8
s014,female,45-54,Japan,fibromyalgia,2026-05-22 15:00:00+00:00,2026-05-22 15:15:24+00:00,user_closed,22,11,11,user,assistant,152,584,3.8421052631578947,15.4
s015,female,35-44,Germany,endometriosis,2026-05-23 10:00:00+00:00,2026-05-23 10:18:12+00:00,completed,26,13,13,user,assistant,296,1115,3.766891891891892,18.2
s016,female,45-54,Canada,fibromyalgia,2026-05-16 03:00:00+00:00,2026-05-16 03:18:12+00:00,completed,26,13,13,user,assistant,539,2089,3.87569573283859,18.2
s017,male,45-54,India,type_2_diabetes,2026-05-21 20:00:00+00:00,2026-05-21 20:18:54+00:00,user_closed,27,14,13,user,user,106,878,8.283018867924529,18.9
s018,female,25-34,Brazil,endometriosis,2026-05-23 16:00:00+00:00,2026-05-23 16:18:12+00:00,user_closed,26,13,13,user,assistant,270,820,3.037037037037037,18.2
s019,non_binary,25-34,Canada,chronic_migraine,2026-05-18 03:00:00+00:00,2026-05-18 03:16:48+00:00,completed,24,12,12,user,assistant,346,1432,4.138728323699422,16.8
s020,male,55-64,Canada,type_2_diabetes,2026-05-22 00:00:00+00:00,2026-05-22 00:18:12+00:00,completed,26,13,13,user,assistant,302,1058,3.5033112582781456,18.2
s021,female,45-54,US,endometriosis,2026-05-19 10:00:00+00:00,2026-05-19 10:15:24+00:00,completed,22,11,11,user,assistant,417,1139,2.7314148681055155,15.4
s022,female,25-34,France,crohns,2026-05-24 02:00:00+00:00,2026-05-24 02:16:48+00:00,completed,24,12,12,user,assistant,342,989,2.891812865497076,16.8
s023,male,45-54,Germany,ulcerative_colitis,2026-05-19 09:00:00+00:00,2026-05-19 09:16:48+00:00,completed,24,12,12,user,assistant,313,1192,3.808306709265176,16.8
s024,female,45-54,Italy,rheumatoid_arthritis,2026-05-19 22:00:00+00:00,2026-05-19 22:15:24+00:00,completed,22,11,11,user,assistant,324,601,1.8549382716049383,15.4
s025,female,35-44,US,hashimotos,2026-05-19 08:00:00+00:00,2026-05-19 08:17:30+00:00,completed,25,13,12,user,user,452,1198,2.650442477876106,17.5
s026,female,35-44,US,crohns,2026-05-23 09:00:00+00:00,2026-05-23 09:16:48+00:00,user_closed,24,12,12,user,assistant,178,677,3.803370786516854,16.8
s027,female,25-34,UK,ibs,2026-05-20 18:00:00+00:00,2026-05-20 18:16:48+00:00,completed,24,12,12,user,assistant,336,1225,3.6458333333333335,16.8
s028,non_binary,35-44,US,fibromyalgia,2026-05-22 14:00:00+00:00,2026-05-22 14:19:36+00:00,completed,28,14,14,user,assistant,352,1718,4.880681818181818,19.6
s029,female,35-44,Germany,pcos,2026-05-18 16:00:00+00:00,2026-05-18 16:18:12+00:00,completed,26,13,13,user,assistant,309,888,2.8737864077669903,18.2
s030,female,25-34,US,chronic_migraine,2026-05-22 11:00:00+00:00,2026-05-22 11:16:06+00:00,user_closed,23,12,11,user,user,334,378,1.1317365269461077,16.1
s031,female,55-64,India,type_2_diabetes,2026-05-17 03:00:00+00:00,2026-05-17 03:17:30+00:00,user_closed,25,13,12,user,user,410,1158,2.824390243902439,17.5
s032,female,45-54,US,rheumatoid_arthritis,2026-05-21 18:00:00+00:00,2026-05-21 18:19:36+00:00,completed,28,14,14,user,assistant,545,1989,3.6495412844036696,19.6
s033,female,35-44,France,chronic_migraine,2026-05-24 00:00:00+00:00,2026-05-24 00:15:24+00:00,completed,22,11,11,user,assistant,246,554,2.252032520325203,15.4
s034,male,35-44,Brazil,type_2_diabetes,2026-05-17 13:00:00+00:00,2026-05-17 13:16:48+00:00,completed,24,12,12,user,assistant,284,1033,3.637323943661972,16.8
s035,male,35-44,Japan,crohns,2026-05-24 05:00:00+00:00,2026-05-24 05:16:48+00:00,completed,24,12,12,user,assistant,363,1091,3.005509641873278,16.8
s036,female,25-34,Brazil,psoriasis,2026-05-15 06:00:00+00:00,2026-05-15 06:16:48+00:00,completed,24,12,12,user,assistant,297,752,2.531986531986532,16.8
s037,female,35-44,Brazil,ulcerative_colitis,2026-05-21 12:00:00+00:00,2026-05-21 12:18:12+00:00,completed,26,13,13,user,assistant,387,1769,4.571059431524548,18.2
s038,female,65+,US,fibromyalgia,2026-05-14 10:00:00+00:00,2026-05-14 10:16:06+00:00,user_closed,23,12,11,user,user,267,692,2.5917602996254683,16.1
s039,female,25-34,France,rheumatoid_arthritis,2026-05-18 17:00:00+00:00,2026-05-18 17:20:18+00:00,completed,29,15,14,user,user,502,1522,3.0318725099601593,20.3
s040,female,65+,US,hashimotos,2026-05-20 00:00:00+00:00,2026-05-20 00:18:12+00:00,completed,26,13,13,user,assistant,390,1264,3.241025641025641,18.2
s041,male,25-34,US,psoriasis,2026-05-22 00:00:00+00:00,2026-05-22 00:19:36+00:00,completed,28,14,14,user,assistant,300,868,2.8933333333333335,19.6
s042,female,25-34,India,crohns,2026-05-16 18:00:00+00:00,2026-05-16 18:21:00+00:00,completed,30,15,15,user,assistant,389,1584,4.071979434447301,21.0
s043,female,35-44,US,endometriosis,2026-05-20 09:00:00+00:00,2026-05-20 09:14:42+00:00,user_closed,21,11,10,user,user,480,558,1.1625,14.7
s044,female,55-64,Japan,rheumatoid_arthritis,2026-05-20 22:00:00+00:00,2026-05-20 22:16:48+00:00,completed,24,12,12,user,assistant,335,1500,4.477611940298507,16.8
s045,female,55-64,Japan,hashimotos,2026-05-23 19:00:00+00:00,2026-05-23 19:14:42+00:00,completed,21,11,10,user,user,239,776,3.2468619246861925,14.7
s046,female,25-34,US,long_covid,2026-05-17 16:00:00+00:00,2026-05-17 16:18:54+00:00,completed,27,14,13,user,user,444,1112,2.5045045045045047,18.9
s047,male,55-64,UK,rheumatoid_arthritis,2026-05-19 10:00:00+00:00,2026-05-19 10:15:24+00:00,completed,22,11,11,user,assistant,225,647,2.8755555555555556,15.4
s048,female,25-34,US,pcos,2026-05-16 23:00:00+00:00,2026-05-16 23:18:12+00:00,completed,26,13,13,user,assistant,567,1936,3.4144620811287476,18.2
s049,female,35-44,UK,long_covid,2026-05-16 07:00:00+00:00,2026-05-16 07:15:24+00:00,completed,22,11,11,user,assistant,412,1127,2.7354368932038833,15.4
s050,female,35-44,France,psoriasis,2026-05-23 02:00:00+00:00,2026-05-23 02:15:24+00:00,completed,22,11,11,user,assistant,294,1135,3.860544217687075,15.4
