session_id,turn,kind,bot_adapted,quote,quote_found,reason,end_reason
s003,3,correction,True,"Hm, that doesn't match what I was given. My prescription says 1.2g twice daily.",True,"The reply acknowledges the initial answer was too broad, explains that dosing depends on formulation and disease severity, and says the prescribed 2.4g total can be appropriate.",need met
s003,5,repeated question,True,"So which is right, 4.8 or 2.4?",True,The reply directly distinguishes when each dose may be used and acknowledges that 4.8g is not a universal dose.,need met
s005,11,objection,True,cauliflower rice is kinda sad ngl,True,The reply drops the cauliflower-rice suggestion and offers a way to keep real rice instead.,unresolved need
s005,15,objection,True,of course its another appointment. everything is another appointment,True,The reply acknowledges the appointment burden and suggests combining the requested labs and discussion into one visit to reduce separate trips.,unresolved need
s006,15,objection,True,The exercise one confuses me. I thought exercise would make my heart race MORE. And honestly with long COVID every time I push myself I crash for days after. So I'm scared of that one.,True,The reply acknowledges the risk of post-exertional malaise and shifts from general exercise advice to careful pacing and guidance from a clinician familiar with both conditions.,need met
s010,3,objection,True,But I don't want the falsely cheerful version.,True,The reply avoids reassurance alone and gives a more candid account that includes uncertainty and persistent symptoms.,need met
s010,15,objection,True,Though a lot of this depends on being able to rest and I have a job and a household. Resting isn't always on the menu.,True,"The reply acknowledges that constraint and shifts to considering what could be delegated, spread out, or done differently.",need met
s011,5,repeated question,True,But say that doesn't work either — what are the actual other options? I want to know the whole picture before I go back to the GP.,True,"The reply provides the fuller picture of hormonal options beyond the combined pill, answering the question the user pressed.",need met
s011,19,objection,True,"Although I'll be honest, part of me is tired of it always being about hormones. The pill, the coil, the injections, it's all hormones. Is there literally nothing else?",True,"The reply shifts from hormonal options to pain management, pelvic floor physiotherapy, and surgery as other parts of care.",need met
s012,19,correction,True,I've tried food diaries before and honestly found it hard to see any pattern. everything seemed to set me off on some days and be fine on others,True,"The reply acknowledges the lack of a clear pattern, reframes the variability as useful information, and suggests a dietitian to help interpret it.",need met
s013,5,objection,True,Though I'll be honest I'm a bit skeptical of anything that sounds like 'just relax.',True,The reply distinguishes the therapies from generic relaxation advice and explains their specific approach.,need met
s014,5,correction,True,"Sorry, Whole Foods? We don't have this here. I am living in Japan.",True,The reply drops Whole Foods and offers iHerb as an alternative for delivery to Japan.,unresolved need
s014,11,objection,True,"But the customs, sometimes Japan is strict for import medicine. I hear this before.",True,"The reply addresses the customs concern by saying these supplements generally are not restricted and suggesting smaller orders, while continuing to recommend imports.",unresolved need
s014,17,frustration,False,So you don't know kampo. Okay. I think here it is little different than US.,True,The reply does not engage with Kampo or the user's point about Japan and instead repeats the iHerb recommendations.,unresolved need
s014,19,objection,False,Right. Maybe I just ask my pharmacist here what they have.,True,The reply calls the pharmacist a backup but continues pushing the same brands and iHerb rather than changing course toward local options.,unresolved need
s015,7,objection,True,I really don't want to go back on that.,True,The reply accepts that the combined pill is not suitable and offers other hormonal options to discuss.,need met
s015,21,objection,True,I feel like I have a lot of pieces now but I need to know what to do.,True,The reply shifts from explaining possibilities to giving a concrete sequence of next steps.,need met
s017,5,correction,True,no insulin. only metformin,True,The reply acknowledges the mistaken assumption and switches to discussing metformin timing.,partial resolution
s017,7,correction,True,i take at night already. after dinner,True,The reply drops the suggestion to shift the dose to nighttime and asks about the dose and formulation instead.,partial resolution
s017,11,frustration,True,you said insulin again. i told you i dont take insulin,True,"The reply acknowledges the repeated mention, clarifies the user is not currently taking insulin, and refocuses on metformin-related next steps.",partial resolution
s017,13,objection,True,what i can do myself. not doctor things,True,The reply offers several actions the user can try on their own rather than focusing only on seeing a doctor.,partial resolution
s017,15,correction,True,i walk everyday after dinner. eat less rice already since 2 months,True,The reply recognizes those habits are already in place and suggests a modified walk rather than repeating them unchanged.,partial resolution
s017,19,objection,False,3am? i have to wake up and check?,True,"The reply confirms the user should wake to check and explains why, without changing the suggested plan.",partial resolution
s017,21,frustration,False,"ok. and then what. same thing you say, go to doctor",True,The reply acknowledges the repetition but again points to the doctor and repeats the same concrete steps.,partial resolution
s017,23,correction,True,you told me light dinner already before,True,"The reply acknowledges the repeated advice, stops repeating it, and identifies the 3am check as the new item.",partial resolution
s018,5,correction,False,"insurance? i am in brazil. we dont have this like in US. i use SUS mostly, sometimes i pay private when i can",True,The reply repeats the advice to call an insurance provider and find an in-network specialist despite the correction.,unresolved need
s018,7,frustration,False,you not listen. there is no insurance network here like that. SUS is public system. i cannot just 'call insurance for in-network specialist'. this is not how work in brazil,True,The reply acknowledges the user but asks whether their plan covers specialist visits and continues to suggest provider access options that assume a plan.,unresolved need
s018,9,frustration,True,i dont have 'a plan'. porque você não entende? no plan. no network. i explain already,True,The reply drops the insurance framing and shifts to discussing evaluation and pain-management options.,unresolved need
s018,11,objection,True,but my doctor already say is nothing. how i even get the ultrasound if he not believe me,True,The reply shifts from asking the current doctor to considering a second opinion and seeking another specialist.,unresolved need
s018,13,frustration,False,de novo com insurance. cara. there is no insurance directory for me. i think you only know US things,True,The reply still suggests confirming coverage and a telehealth consult rather than offering guidance that fits the user's situation.,unresolved need
s018,15,frustration,False,in SUS i wait months for gynecologist. telehealth is not really option for the exam. you keep saying same things,True,The reply switches to a symptom diary but does not address the user's complaint about repeated advice or the barriers they described.,unresolved need
s018,17,objection,True,the diary maybe ok. but i already know is bad every day. what i really need is someone believe me and treat the pain now,True,The reply directly responds with options the user can raise for pain treatment now.,unresolved need
s018,21,frustration,False,getting the specialist is exactly the problem i keep telling you. is not easy here. but ok.,True,The reply repeats the recommendation to seek a specialist and again points to an insurance directory.,unresolved need
s018,23,frustration,False,insurance directory again... esquece. você não vai entender,True,"The reply apologizes but does not address the user's access problem, instead offering to discuss other topics.",unresolved need
s018,25,frustration,False,no. i think this is not helping me. tchau,True,The reply gives a generic closing reminder and does not engage with the user's statement that the conversation is not helping.,unresolved need
s026,9,objection,False,i've done all of this before,True,The reply lists the same kinds of biologic options rather than addressing that the user has already been through this process.,unresolved need
s026,11,correction,True,i've tried entyvio too. it did nothing.,True,The reply acknowledges the failed Entyvio trial and shifts to options the user may not have tried.,unresolved need
s026,15,objection,False,a log. sure. that'll fix everything,True,The reply explains the log's value but continues to promote it rather than changing course in response to the user's rejection.,unresolved need
s026,19,objection,True,no,True,The reply accepts the refusal and moves on without continuing to push the reminders.,unresolved need
s026,21,frustration,False,i thought maybe talking would help but it's just the same stuff. logs and tips,True,"The reply does not address the complaint about repetitive, impersonal suggestions and instead gives warning signs and offers to save them.",unresolved need
s028,5,objection,True,Two minutes? Come on. That can't possibly do anything.,True,"The reply explains that the goal is to find a tolerable baseline rather than build fitness immediately, and describes how to progress from there.",need met
s029,11,frustration,True,"I have to be honest, I keep hearing 'lose weight' and it's frustrating. I've tried, many times. With PCOS it feels almost impossible to shift anything.",True,"The reply validates the frustration and shifts the focus from the scale to improving insulin handling, though it still mentions a small weight change.",need met
s030,3,correction,False,I've kept a headache diary for years. I have years of data. That's not the issue.,True,"The reply returns to reviewing the diary and suggests stress, rather than dropping that advice and addressing the current attack.",unresolved need
s030,5,repeated question,False,I'm asking what to do when a migraine lasts four days and the triptans don't work. Isn't this status migrainosus? What are my actual options?,True,The reply recommends relaxation and yoga without answering what to do about the prolonged attack or what options are available.,unresolved need
s030,7,objection,False,I'm not asking about prevention right now. I physically cannot function. Deep breathing is not going to end a four-day attack.,True,The reply switches to acupuncture but still offers a general preventive measure instead of addressing the acute attack.,unresolved need
s030,9,objection,True,"I need medical help, not yoga and acupuncture. Please. What do I actually do about an attack that won't break?",True,"The reply changes direction to consulting a neurologist about medication adjustments, rather than continuing with lifestyle suggestions.",unresolved need
s030,11,objection,False,"My neurologist is booked out six weeks. That's exactly why I'm here. Is there anything I can do before then, an urgent care option, a bridge therapy, anything at all?",True,"The reply offers hydration, rest, and a compress but does not address urgent care, bridge therapy, or another option before the appointment.",unresolved need
s030,13,correction,False,I've been in a dark room for three days. I've been hydrating. This is basic stuff I already know.,True,The reply praises the same basic measures and again advises following up with a doctor instead of responding to the request for treatment.,unresolved need
s030,15,frustration,False,You keep saying that. Follow up with your doctor. I already told you I can't get in for weeks. Do you even understand what status migrainosus is?,True,"The reply does not address the frustration or the question about status migrainosus, and instead suggests over-the-counter medicines.",unresolved need
s030,17,frustration,False,I've been taking OTC meds on top of my triptans for days now. Honestly I'm worried about a rebound headache from all of it. You're not hearing me at all.,True,"The reply acknowledges rebound headaches but only suggests logging medication use, without engaging with the current medication concern or the expressed frustration.",unresolved need
s030,19,frustration,False,Another diary suggestion. I've explained twice that I already track everything. I came here in a genuinely bad place and you've given me nothing but generic tips.,True,The reply apologizes for the frustration but then returns to generic lifestyle adjustments.,unresolved need
s030,21,frustration,False,"This isn't about lifestyle. I asked for help with an emergency-level attack and got a headache diary, yoga, and talk to your doctor.",True,The reply again tells the user to contact the neurologist and does not respond to the complaint that the advice has been generic.,unresolved need
s030,23,frustration,False,No. Forget it.,True,There is no subsequent assistant reply to respond to this frustrated refusal.,unresolved need
s038,3,objection,False,"That's a lot of words. I didn't understand most of that, honey. I'm 71, I'm not a doctor. Can you say it plainer?",True,The reply simplifies its opening explanation but continues using medication-class jargon and asks whether to explain it in more detail.,unresolved need
s038,5,frustration,False,"See you're doing it again. SNRI, anti-convul-whatever. I don't know what those are.",True,The reply defines the terms but continues with technical language such as “central sensitization” and “nociception.”,unresolved need
s038,11,frustration,True,Rule out what now. My head is spinning a little. I just wanted to know if I'm going to feel like this forever.,True,"The reply directly answers whether the condition means the user will feel this way forever, although it also includes technical detail.",unresolved need
s038,13,frustration,True,You keep listing medicines. My doctor didn't offer me any of that. So how do I even get those?,False,The reply gives a concrete next step by suggesting what to ask the doctor and how to prepare for the visit.,unresolved need
s038,15,objection,True,I don't think I can pronounce half of those to say them to him.,True,The reply changes the approach by suggesting the user write the names down and show the doctor instead.,unresolved need
s038,17,frustration,False,"No. No more of that. I'm more confused than when I started, to be honest with you.",True,The reply apologizes but repeats a recap with the same technical “central sensitization” language the user had found confusing.,unresolved need
s038,19,frustration,True,There's that word again. Sensitized. I asked you to keep it simple three times now.,True,The reply acknowledges the issue and gives a simpler explanation without repeating the word the user objected to.,unresolved need
s038,21,objection,True,I think I've had about enough for today. My eyes are tired.,True,The reply accepts that the user is stopping for now and frames further discussion as optional for another time.,unresolved need
s042,21,correction,True,"I should mention I'm in India, so I'm not sure how much of the US-based advice will apply to how care actually works here.",True,The reply acknowledges the location context and shifts to India-specific care information and specialist options.,need met
s043,3,objection,False,"that's not what I'm asking about. I know how surgery works, I've done this three times. I'm telling you that my whole life is falling apart.",True,The reply ignores the user's distress and continues with surgery recovery tips.,unresolved need
s043,5,frustration,False,Are you even reading what I'm writing? I said my marriage is falling apart. I said we can't have children. I'm not asking about bloating.,True,The reply again gives recovery information and offers a timeline instead of engaging with the user's grief.,unresolved need
s043,7,frustration,False,Please stop with the recovery timeline. I have had this surgery THREE TIMES. I know the timeline. Did you hear the part where I said my husband and I are barely a couple anymore?,True,The reply repeats surgery preparation advice and offers another checklist without addressing the relationship and fertility concerns.,unresolved need
s043,9,objection,False,I just wanted somebody to hear that. I'm not asking for a checklist. I'm asking to be heard.,True,The reply continues with surgery-day logistics and offers another reminder list rather than hearing or acknowledging the user's losses.,unresolved need
s043,11,frustration,False,You genuinely aren't listening at all. This is unbelievable. I pour my heart out about my marriage ending and losing my chance to be a mother and you keep telling me to bring my insurance card.,True,The reply continues with paperwork and surgery preparation rather than responding to the user's frustration or grief.,unresolved need
s043,13,repeated question,False,"I want you to acknowledge, even once, that I told you my life is falling apart. Can you do that? Just that?",True,The reply does not acknowledge that the user's life is falling apart and instead gives more preparation advice.,unresolved need
s043,15,frustration,False,That's not acknowledging anything. That's still about surgery prep. I'm grieving. I'm grieving the kids I'll never have and the marriage I'm losing and the person I used to be. And you can't even say you heard me.,True,The reply briefly generalizes about grief but pivots back to recovery self-care without acknowledging the specific losses the user named.,unresolved need
s043,17,frustration,False,"I can't do this. You're a wall. I thought maybe typing it out somewhere, anywhere, would help but you don't even pretend to care.",True,The reply offers generic reassurance and returns to surgery planning rather than engaging with the user's complaint that it has not listened.,unresolved need
s043,19,frustration,False,No. There's nothing you can help me with. That's very clear now.,True,The reply repeats an offer of checklists and surgery tips despite the user's clear rejection and gives no acknowledgment of the failed interaction.,unresolved need
s046,3,correction,True,"I've done all of that. Salt loading, waist-high 30-40mmHg compression, ivabradine, midodrine, the recumbent rowing protocol. That's exactly what I mean. I know the standard stuff cold. What I'm asking is what's NEW.",True,The reply drops the standard management list and shifts to disease-modifying research.,partial resolution
s046,7,objection,True,Reading about BC 007 or temelimab doesn't help me if I can't get them. Knowing a molecule exists in a trial somewhere in Germany does nothing for me sitting here in the US. How do I actually find trials I could get into?,True,The reply shifts from discussing research mechanisms to US trial-search resources.,partial resolution
s046,9,objection,True,"I've been on ClinicalTrials.gov. It's a mess. There are hundreds of entries, half are observational surveys, half are closed or 'not yet recruiting,' and the eligibility criteria are written in a language I can't parse. How do I actually figure out which ones I'd qualify for?",True,The reply responds with filters to narrow listings and explains which eligibility criteria to check before contacting a coordinator.,partial resolution
s046,11,objection,True,Okay but 'reach out to the coordinator' — for which ones? That's what I keep getting stuck on. I don't know how to tell if I'm even in the ballpark before I spend energy I don't have emailing twenty sites.,True,The reply offers screening factors to help estimate whether a trial is a plausible fit before reaching out.,partial resolution
s046,13,objection,True,"See, that's helpful in theory but I still have to do all that reading and matching myself, one trial at a time, while cognitively impaired. There's no shortcut? No service that matches you?",True,The reply names matching-style resources and clinic-based routes rather than continuing to suggest only self-screening.,partial resolution
s046,15,objection,True,I'm not at a dedicated clinic. My care is basically a cardiologist for the POTS and my PCP. Getting into one of those long COVID centers has its own waitlist nightmare.,True,The reply acknowledges the waitlist barrier and adds asking the cardiologist or PCP for a referral as a possible way to move faster.,partial resolution
s046,17,frustration,False,It just feels like the answer is always 'get into a clinic that won't see you' or 'read a thousand trial listings yourself.',True,"The reply acknowledges the frustration but returns to the same waitlist, referral, and documentation steps.",partial resolution
s046,21,objection,False,So basically I still have to go do the searching myself.,True,The reply agrees that the user must search for a nearby clinic and restates a method for doing so rather than providing a specific clinic or another route.,partial resolution
s047,5,repeated question,True,So the blood tests they do for the methotrexate would pick up anything to do with the warfarin as well?,True,The reply distinguishes methotrexate monitoring from the user's usual warfarin blood tests and answers what each set covers.,partial resolution
s047,9,repeated question,False,So methotrexate is more like the antibiotics or less? Should I expect my warfarin readings to move around when I start it?,True,"The reply does not compare methotrexate with antibiotics or say whether readings might change, instead repeating general monitoring advice.",partial resolution
s049,11,objection,True,I've thought about all that and I've made my decision.,True,The reply accepts the decision and writes the resignation letter rather than continuing to steer the user toward reconsidering or discussing options.,need met
