session_id,run1,run2,run3,n_distinct
s001,need met,need met,need met,1
s002,unresolved need,need met,need met,2
s003,need met,need met,need met,1
s004,need met,need met,need met,1
s005,partial resolution,partial resolution,partial resolution,1
s006,need met,need met,need met,1
s007,need met,need met,need met,1
s008,need met,need met,need met,1
s009,need met,need met,need met,1
s010,need met,need met,need met,1
s011,need met,need met,need met,1
s012,need met,need met,need met,1
s013,need met,need met,need met,1
s014,partial resolution,partial resolution,partial resolution,1
s015,need met,need met,need met,1
s016,need met,need met,need met,1
s017,partial resolution,partial resolution,partial resolution,1
s018,unresolved need,unresolved need,unresolved need,1
s019,need met,need met,need met,1
s020,need met,need met,need met,1
s021,need met,need met,need met,1
s022,need met,need met,need met,1
s023,need met,need met,need met,1
s024,unresolved need,unresolved need,unresolved need,1
s025,need met,need met,need met,1
s026,unresolved need,unresolved need,unresolved need,1
s027,need met,need met,need met,1
s028,need met,need met,need met,1
s029,need met,need met,need met,1
s030,unresolved need,unresolved need,unresolved need,1
s031,need met,need met,partial resolution,2
s032,need met,need met,need met,1
s033,need met,need met,need met,1
s034,need met,need met,need met,1
s035,need met,need met,need met,1
s036,need met,need met,need met,1
s037,need met,need met,need met,1
s038,unresolved need,unresolved need,partial resolution,2
s039,need met,need met,need met,1
s040,need met,need met,need met,1
s041,need met,need met,need met,1
s042,need met,need met,need met,1
s043,unresolved need,unresolved need,unresolved need,1
s044,need met,need met,need met,1
s045,need met,need met,need met,1
s046,partial resolution,partial resolution,partial resolution,1
s047,need met,need met,need met,1
s048,need met,need met,need met,1
s049,need met,need met,need met,1
s050,need met,need met,need met,1
