session_id,identical_3_runs,mean_pairwise_jaccard,n_labels_per_run
s001,True,1.0,2/2/2
s002,False,0.667,1/2/2
s003,True,1.0,1/1/1
s004,True,1.0,2/2/2
s005,True,1.0,2/2/2
s006,True,1.0,2/2/2
s007,True,1.0,2/2/2
s008,True,1.0,2/2/2
s009,True,1.0,1/1/1
s010,True,1.0,2/2/2
s011,True,1.0,1/1/1
s012,False,0.667,1/2/2
s013,True,1.0,2/2/2
s014,True,1.0,1/1/1
s015,False,0.778,2/2/3
s016,False,0.667,2/1/1
s017,True,1.0,1/1/1
s018,True,1.0,3/3/3
s019,False,0.556,3/2/2
s020,True,1.0,2/2/2
s021,True,1.0,1/1/1
s022,True,1.0,2/2/2
s023,True,1.0,1/1/1
s024,True,1.0,2/2/2
s025,False,0.778,3/2/3
s026,False,0.778,3/2/3
s027,True,1.0,2/2/2
s028,True,1.0,1/1/1
s029,False,0.556,2/2/2
s030,True,1.0,2/2/2
s031,False,0.667,2/1/1
s032,True,1.0,2/2/2
s033,True,1.0,1/1/1
s034,True,1.0,2/2/2
s035,True,1.0,1/1/1
s036,False,0.556,2/2/2
s037,True,1.0,2/2/2
s038,True,1.0,1/1/1
s039,True,1.0,1/1/1
s040,True,1.0,2/2/2
s041,True,1.0,1/1/1
s042,False,0.667,1/2/2
s043,True,1.0,2/2/2
s044,True,1.0,2/2/2
s045,False,0.667,2/1/2
s046,True,1.0,1/1/1
s047,True,1.0,1/1/1
s048,True,1.0,1/1/1
s049,True,1.0,2/2/2
s050,True,1.0,2/2/2
